Workbook

Sheet Rekap
A2: Posisi Gangguan | B2: Jarak Antar Titik Terluar Quadrotor | D2: Simpangan Maksimum | E2: Posisi Gangguan | F2: Jarak Antar Titik Terluar Quadrotor | H2: Simpangan Maksimum
A3: Kiri | B3: 20 cm | C3: Percobaan 1 | D3: ='20'!G2 -> 100.66667 | E3: Kanan | F3: 20 cm | G3: Percobaan 1 | H3: ='20'!AG2 -> 106.66667
C4: Percobaan 2 | D4: ='20'!H2 -> 99.666667 | G4: Percobaan 2 | H4: ='20'!AH2 -> 102.66667
C5: Percobaan 3 | D5: ='20'!I2 -> 98.666667 | G5: Percobaan 3 | H5: ='20'!AI2 -> 106.66667
B6: Rata-rata | D6: =AVERAGE(D3:D5) -> 99.666667 | F6: Rata-rata | H6: =AVERAGE(H3:H5) -> 105.33333
B7: 30 cm | C7: Percobaan 1 | D7: ='30'!G2 -> 90.666667 | F7: 30 cm | G7: Percobaan 1 | H7: ='30'!AG2 -> 89.333333
C8: Percobaan 2 | D8: ='30'!H2 -> 92.666667 | G8: Percobaan 2 | H8: ='30'!AH2 -> 92.333333
C9: Percobaan 3 | D9: ='30'!I2 -> 95.666667 | G9: Percobaan 3 | H9: ='30'!AI2 -> 93.333333
B10: Rata-rata | D10: =AVERAGE(D7:D9) -> 93 | F10: Rata-rata | H10: =AVERAGE(H7:H9) -> 91.666667
B11: 40 cm | C11: Percobaan 1 | D11: ='40'!G2 -> 71 | F11: 40 cm | G11: Percobaan 1 | H11: ='40'!AG2 -> 73.333333
C12: Percobaan 2 | D12: ='40'!H2 -> 68 | G12: Percobaan 2 | H12: ='40'!AH2 -> 75.333333
C13: Percobaan 3 | D13: ='40'!I2 -> 72 | G13: Percobaan 3 | H13: ='40'!AI2 -> 71.333333
B14: Rata-rata | D14: =AVERAGE(D11:D13) -> 70.333333 | F14: Rata-rata | H14: =AVERAGE(H11:H13) -> 73.333333
B15: 50 cm | C15: Percobaan 1 | D15: ='50'!G2 -> 58.333333 | F15: 50 cm | G15: Percobaan 1 | H15: ='50'!AG2 -> 63.333333
C16: Percobaan 2 | D16: ='50'!H2 -> 58.333333 | G16: Percobaan 2 | H16: ='50'!AH2 -> 64.333333
C17: Percobaan 3 | D17: ='50'!I2 -> 60.333333 | G17: Percobaan 3 | H17: ='50'!AI2 -> 58.333333
B18: Rata-rata | D18: =AVERAGE(D15:D17) -> 59 | F18: Rata-rata | H18: =AVERAGE(H15:H17) -> 62
B19: 60 cm | C19: Percobaan 1 | D19: ='60'!G2 -> 37.333333 | F19: 60 cm | G19: Percobaan 1 | H19: ='60'!AG2 -> 41
C20: Percobaan 2 | D20: ='60'!H2 -> 36.333333 | G20: Percobaan 2 | H20: ='60'!AH2 -> 40
C21: Percobaan 3 | D21: ='60'!I2 -> 35.333333 | G21: Percobaan 3 | H21: ='60'!AI2 -> 40
B22: Rata-rata | D22: =AVERAGE(D19:D21) -> 36.333333 | F22: Rata-rata | H22: =AVERAGE(H19:H21) -> 40.333333
B23: 70 cm | C23: Percobaan 1 | D23: ='70'!G2 -> 14.666667 | F23: 70 cm | G23: Percobaan 1 | H23: ='70'!AG2 -> 22.666667
C24: Percobaan 2 | D24: ='70'!H2 -> 14.666667 | G24: Percobaan 2 | H24: ='70'!AH2 -> 25.666667
C25: Percobaan 3 | D25: ='70'!I2 -> 13.666667 | G25: Percobaan 3 | H25: ='70'!AI2 -> 21.666667
B26: Rata-rata | D26: =AVERAGE(D23:D25) -> 14.333333 | F26: Rata-rata | H26: =AVERAGE(H23:H25) -> 23.333333
B27: 80 cm | C27: Percobaan 1 | D27: ='80'!G2 -> 5.3333333 | F27: 80 cm | G27: Percobaan 1 | H27: ='80'!AG2 -> 14
C28: Percobaan 2 | D28: ='80'!H2 -> 8.3333333 | G28: Percobaan 2 | H28: ='80'!AH2 -> 15
C29: Percobaan 3 | D29: ='80'!I2 -> 8.3333333 | G29: Percobaan 3 | H29: ='80'!AI2 -> 15
B30: Rata-rata | D30: =AVERAGE(D27:D29) -> 7.3333333 | F30: Rata-rata | H30: =AVERAGE(H27:H29) -> 14.666667
B31: 90 cm | C31: Percobaan 1 | D31: ='90'!G2 -> 2 | F31: 90 cm | G31: Percobaan 1 | H31: ='90'!AG2 -> 4.6666667
C32: Percobaan 2 | D32: ='90'!H2 -> 4 | G32: Percobaan 2 | H32: ='90'!AH2 -> 4.6666667
C33: Percobaan 3 | D33: ='90'!I2 -> 3 | G33: Percobaan 3 | H33: ='90'!AI2 -> 4.6666667
B34: Rata-rata | D34: =AVERAGE(D31:D33) -> 3 | F34: Rata-rata | H34: =AVERAGE(H31:H33) -> 4.6666667
B35: 100 cm | C35: Percobaan 1 | D35: ='100'!G2 -> 2.6666667 | F35: 100 cm | G35: Percobaan 1 | H35: ='100'!AG2 -> 3.6666667
C36: Percobaan 2 | D36: ='100'!H2 -> 7.6666667 | G36: Percobaan 2 | H36: ='100'!AH2 -> 8.6666667
C37: Percobaan 3 | D37: ='100'!I2 -> 3.6666667 | G37: Percobaan 3 | H37: ='100'!AI2 -> 5.6666667
B38: Rata-rata | D38: =AVERAGE(D35:D37) -> 4.6666667 | F38: Rata-rata | H38: =AVERAGE(H35:H37) -> 6

Sheet Sheet21
A3: Jarak Antar Titik Terluar Quadrotor (cm) | B3: Jarak Antar Pusat Quadrotor (cm) | C3: Parameter Kontrol | D3: RMSE X (cm) | E3: RMSE Y (cm) | F3: Overshoot Maksimum X (cm) | G3: Overshoot Maksimum Y (cm) | K3: Jarak Antar Titik Terluar Quadrotor (cm) | L3: Jarak Antar Pusat Quadrotor (cm) | M3: Parameter Kontrol | N3: RMSE X (cm) | O3: RMSE Y (cm) | P3: Overshoot Maksimum X (cm) | Q3: Overshoot Maksimum Y (cm)
A4: 20 | B4: 80 | C4: Penalaan Manual | D4: Quadrotor utama menabrak Quadrotor Gangguan | K4: 20 | L4: 80 | M4: Penalaan Manual | N4: Quadrotor utama menabrak Quadrotor Gangguan
C6: Setelah Optimasi | M6: Setelah Optimasi
A8: 30 | B8: 90 | C8: Penalaan Manual | D8: Quadrotor utama menabrak Quadrotor Gangguan | K8: 30 | L8: 90 | M8: Penalaan Manual | N8: Quadrotor utama menabrak Quadrotor Gangguan
C10: Setelah Optimasi | D10: 12.444 | E10: 13.439 | F10: 29.021 | G10: 27.497 | M10: Setelah Optimasi | N10: 13.76 | O10: 12.077 | P10: 28.751 | Q10: 27.269
D11: 14.076 | E11: 12.182 | F11: 30.791 | G11: 27.595 | N11: 14.102 | O11: 12.248 | P11: 30.753 | Q11: 28.628
A12: 50 | B12: 110 | C12: Penalaan Manual | D12: 21.51 | E12: 20.148 | F12: 48.666 | G12: 46.993 | K12: 50 | L12: 110 | M12: Penalaan Manual | N12: 22.521 | O12: 21.018 | P12: 48.709 | Q12: 47.582
D13: 22.471 | E13: 19.113 | F13: 46.212 | G13: 45.69 | N13: 23.237 | O13: 19.601 | P13: 47.329 | Q13: 44.818
C14: Setelah Optimasi | D14: 12.153 | E14: 11.072 | F14: 27.382 | G14: 26.667 | M14: Setelah Optimasi | N14: 13.235 | O14: 12.872 | P14: 27.732 | Q14: 26.883
D15: 12.265 | E15: 12.09 | F15: 24.151 | G15: 24.265 | N15: 12.81 | O15: 12.608 | P15: 23.791 | Q15: 24.927
A16: 80 | B16: 140 | C16: Penalaan Manual | D16: 22.159 | E16: 20.815 | F16: 48.569 | G16: 45.147 | K16: 80 | L16: 140 | M16: Penalaan Manual | N16: 22.335 | O16: 19.493 | P16: 48.699 | Q16: 45.917
D17: 21.509 | E17: 19.453 | F17: 49.046 | G17: 47.16 | N17: 21.81 | O17: 19.445 | P17: 49.166 | Q17: 47.373
C18: Setelah Optimasi | D18: 12.652 | E18: 11.379 | F18: 24.852 | G18: 24.155 | M18: Setelah Optimasi | N18: 11.338 | O18: 11.383 | P18: 24.749 | Q18: 24.249
D19: 12.971 | E19: 11.658 | F19: 25.926 | G19: 24.19 | N19: 12.297 | O19: 10.605 | P19: 26.366 | Q19: 25.209
A20: 100 | B20: 160 | C20: Penalaan Manual | D20: 21.56 | E20: 17.239 | F20: 46.493 | G20: 45.517 | K20: 100 | L20: 160 | M20: Penalaan Manual | N20: 21.057 | O20: 17.825 | P20: 46.455 | Q20: 45.467
D21: 21.542 | E21: 19.126 | F21: 48.505 | G21: 46.261 | N21: 21.108 | O21: 19.56 | P21: 47.09 | Q21: 46.062
C22: Setelah Optimasi | D22: 11.057 | E22: 10.852 | F22: 29.09 | G22: 27.551 | M22: Setelah Optimasi | N22: 12.208 | O22: 10.582 | P22: 29.37 | Q22: 27.336
D23: 11.368 | E23: 11.629 | F23: 26.884 | G23: 26.589 | N23: 12.209 | O23: 11.525 | P23: 26.215 | Q23: 26.41
A24: Rata-rata penalaan manual | D24: 21.679167 | E24: 19.822167 | F24: 47.785667 | G24: 45.751833 | K24: Rata-rata penalaan manual | N24: 22.011333 | O24: 19.490333 | P24: 47.908 | Q24: 46.203167
A25: Rata-rata setelah optimasi | D25: 12.78675 | E25: 12.135875 | F25: 27.266625 | G25: 25.597125 | K25: Rata-rata setelah optimasi | N25: 12.744875 | O25: 11.7375 | P25: 27.215875 | Q25: 26.363875

Sheet 20
G1: Max1 | H1: Max2 | I1: Max 3 | J1: Kiri | T1: Kanan | AG1: Max1 | AH1: Max2 | AI1: Max 3
G2: =MAX(G4:G485) -> 100.66667 | H2: =MAX(H4:H485) -> 99.666667 | I2: =MAX(I4:I485) -> 98.666667 | AG2: =MAX(AG4:AG485) -> 106.66667 | AH2: =MAX(AH4:AH485) -> 102.66667 | AI2: =MAX(AI4:AI485) -> 106.66667
B3: t | C3: gangg x | D3: gangg y | E3: Ux | F3: Uy | G3: Simpangan 1 | H3: Simpangan 2 | I3: Simpangan 3 | J3: x | K3: y | T3: x | U3: y | AC3: gangg x | AD3: gangg y | AE3: Ux | AF3: Uy | AG3: Simpangan 1 | AH3: Simpangan 2 | AI3: Simpangan 3
A4: 1 | B4: =A4*0.03 -> 0.03 | C4: =50 -> 50 | D4: 300 | E4: =AVERAGE(J4,M4,P4) -> 134.33333 | F4: =MIN(K4,N4,Q4) -> 44.600006 | G4: =J4-E4 -> -1.3333333 | H4: =M4-E4 -> -1.3333333 | I4: =P4-E4 -> 2.6666667 | J4: 133 | K4: 44.600006 | M4: 133 | N4: 48.600006 | P4: 137 | Q4: 48.600006 | T4: 270 | U4: 38.600006 | W4: 276 | X4: 37.600006 | Z4: 275 | AA4: 38.600006 | AB4: c | AC4: =350 -> 350 | AD4: 350 | AE4: =AVERAGE(T4,W4,Z4) -> 273.66667 | AF4: =MIN(U4,X4,AA4) -> 37.600006 | AG4: =AE4-T4 -> 3.6666667 | AH4: =AE4-W4 -> -2.3333333 | AI4: =AE4-Z4 -> -1.3333333
A5: 2 | B5: =A5*0.03 -> 0.06 | C5: =C4 -> 50 | D5: =D4 -> 300 | E5: =E4 -> 134.33333 | F5: =F4+1 -> 45.600006 | G5: =J5-E5 -> -1.3333333 | H5: =M5-E5 -> -1.3333333 | I5: =P5-E5 -> 1.6666667 | J5: 133 | K5: 45.600006 | M5: 133 | N5: 49.600006 | P5: 136 | Q5: 49.600006 | T5: 270 | U5: 39.600006 | W5: 276 | X5: 38.600006 | Z5: 275 | AA5: 40.600006 | AB5: c | AC5: =AC4 -> 350 | AD5: =AD4 -> 350 | AE5: =AE4 -> 273.66667 | AF5: =AF4+2 -> 39.600006 | AG5: =AE5-T5 -> 3.6666667 | AH5: =AE5-W5 -> -2.3333333 | AI5: =AE5-Z5 -> -1.3333333
A6: 3 | B6: =A6*0.03 -> 0.09 | C6: =C5 -> 50 | D6: =D5 -> 300 | E6: =E5 -> 134.33333 | F6: =F5+1 -> 46.600006 | G6: =J6-E6 -> -1.3333333 | H6: =M6-E6 -> -1.3333333 | I6: =P6-E6 -> 0.66666667 | J6: 133 | K6: 45.600006 | M6: 133 | N6: 49.600006 | P6: 135 | Q6: 51.600006 | T6: 270 | U6: 41.600006 | W6: 275 | X6: 40.600006 | Z6: 276 | AA6: 41.600006 | AB6: c | AC6: =AC5 -> 350 | AD6: =AD5 -> 350 | AE6: =AE5 -> 273.66667 | AF6: =AF5+2 -> 41.600006 | AG6: =AE6-T6 -> 3.6666667 | AH6: =AE6-W6 -> -1.3333333 | AI6: =AE6-Z6 -> -2.3333333
A7: 4 | B7: =A7*0.03 -> 0.12 | C7: =C6 -> 50 | D7: =D6 -> 300 | E7: =E6 -> 134.33333 | F7: =F6+1 -> 47.600006 | G7: =J7-E7 -> -1.3333333 | H7: =M7-E7 -> -1.3333333 | I7: =P7-E7 -> -4.3333333 | J7: 133 | K7: 46.600006 | M7: 133 | N7: 50.600006 | P7: 130 | Q7: 58.600006 | T7: 270 | U7: 42.600006 | W7: 275 | X7: 42.600006 | Z7: 276 | AA7: 42.600006 | AB7: c | AC7: =AC6 -> 350 | AD7: =AD6 -> 350 | AE7: =AE6 -> 273.66667 | AF7: =AF6+2 -> 43.600006 | AG7: =AE7-T7 -> 3.6666667 | AH7: =AE7-W7 -> -1.3333333 | AI7: =AE7-Z7 -> -2.3333333
A8: 5 | B8: =A8*0.03 -> 0.15 | C8: =C7 -> 50 | D8: =D7 -> 300 | E8: =E7 -> 134.33333 | F8: =F7+1 -> 48.600006 | G8: =J8-E8 -> -1.3333333 | H8: =M8-E8 -> -1.3333333 | I8: =P8-E8 -> -5.3333333 | J8: 133 | K8: 47.600006 | M8: 133 | N8: 51.600006 | P8: 129 | Q8: 59.600006 | T8: 270 | U8: 44.600006 | W8: 274 | X8: 43.600006 | Z8: 276 | AA8: 44.600006 | AB8: c | AC8: =AC7 -> 350 | AD8: =AD7 -> 350 | AE8: =AE7 -> 273.66667 | AF8: =AF7+2 -> 45.600006 | AG8: =AE8-T8 -> 3.6666667 | AH8: =AE8-W8 -> -0.33333333 | AI8: =AE8-Z8 -> -2.3333333
A9: 6 | B9: =A9*0.03 -> 0.18 | C9: =C8 -> 50 | D9: =D8 -> 300 | E9: =E8 -> 134.33333 | F9: =F8+1 -> 49.600006 | G9: =J9-E9 -> -1.3333333 | H9: =M9-E9 -> -1.3333333 | I9: =P9-E9 -> -5.3333333 | J9: 133 | K9: 48.600006 | M9: 133 | N9: 52.600006 | P9: 129 | Q9: 59.600006 | T9: 270 | U9: 45.600006 | W9: 274 | X9: 44.600006 | Z9: 277 | AA9: 45.600006 | AB9: c | AC9: =AC8 -> 350 | AD9: =AD8 -> 350 | AE9: =AE8 -> 273.66667 | AF9: =AF8+2 -> 47.600006 | AG9: =AE9-T9 -> 3.6666667 | AH9: =AE9-W9 -> -0.33333333 | AI9: =AE9-Z9 -> -3.3333333
A10: 7 | B10: =A10*0.03 -> 0.21 | C10: =C9 -> 50 | D10: =D9 -> 300 | E10: =E9 -> 134.33333 | F10: =F9+1 -> 50.600006 | G10: =J10-E10 -> -1.3333333 | H10: =M10-E10 -> -1.3333333 | I10: =P10-E10 -> -5.3333333 | J10: 133 | K10: 49.600006 | M10: 133 | N10: 53.600006 | P10: 129 | Q10: 60.600006 | T10: 269 | U10: 45.600006 | W10: 273 | X10: 46.600006 | Z10: 277 | AA10: 45.600006 | AB10: c | AC10: =AC9 -> 350 | AD10: =AD9 -> 350 | AE10: =AE9 -> 273.66667 | AF10: =AF9+2 -> 49.600006 | AG10: =AE10-T10 -> 4.6666667 | AH10: =AE10-W10 -> 0.66666667 | AI10: =AE10-Z10 -> -3.3333333
A11: 8 | B11: =A11*0.03 -> 0.24 | C11: =C10 -> 50 | D11: =D10 -> 300 | E11: =E10 -> 134.33333 | F11: =F10+1 -> 51.600006 | G11: =J11-E11 -> -1.3333333 | H11: =M11-E11 -> -1.3333333 | I11: =P11-E11 -> -5.3333333 | J11: 133 | K11: 49.600006 | M11: 133 | N11: 53.600006 | P11: 129 | Q11: 61.600006 | T11: 269 | U11: 45.600006 | W11: 273 | X11: 47.600006 | Z11: 277 | AA11: 46.600006 | AB11: c | AC11: =AC10 -> 350 | AD11: =AD10 -> 350 | AE11: =AE10 -> 273.66667 | AF11: =AF10+2 -> 51.600006 | AG11: =AE11-T11 -> 4.6666667 | AH11: =AE11-W11 -> 0.66666667 | AI11: =AE11-Z11 -> -3.3333333
A12: 9 | B12: =A12*0.03 -> 0.27 | C12: =C11 -> 50 | D12: =D11 -> 300 | E12: =E11 -> 134.33333 | F12: =F11+1 -> 52.600006 | G12: =J12-E12 -> -1.3333333 | H12: =M12-E12 -> -1.3333333 | I12: =P12-E12 -> -6.3333333 | J12: 133 | K12: 50.600006 | M12: 133 | N12: 54.600006 | P12: 128 | Q12: 61.600006 | T12: 269 | U12: 46.600006 | W12: 273 | X12: 49.600006 | Z12: 277 | AA12: 47.600006 | AB12: c | AC12: =AC11 -> 350 | AD12: =AD11 -> 350 | AE12: =AE11 -> 273.66667 | AF12: =AF11+2 -> 53.600006 | AG12: =AE12-T12 -> 4.6666667 | AH12: =AE12-W12 -> 0.66666667 | AI12: =AE12-Z12 -> -3.3333333
A13: 10 | B13: =A13*0.03 -> 0.3 | C13: =C12 -> 50 | D13: =D12 -> 300 | E13: =E12 -> 134.33333 | F13: =F12+1 -> 53.600006 | G13: =J13-E13 -> -1.3333333 | H13: =M13-E13 -> -1.3333333 | I13: =P13-E13 -> -6.3333333 | J13: 133 | K13: 51.600006 | M13: 133 | N13: 55.600006 | P13: 128 | Q13: 61.600006 | T13: 269 | U13: 47.600006 | W13: 273 | X13: 49.600006 | Z13: 277 | AA13: 48.600006 | AB13: c | AC13: =AC12 -> 350 | AD13: =AD12 -> 350 | AE13: =AE12 -> 273.66667 | AF13: =AF12+2 -> 55.600006 | AG13: =AE13-T13 -> 4.6666667 | AH13: =AE13-W13 -> 0.66666667 | AI13: =AE13-Z13 -> -3.3333333
A14: 11 | B14: =A14*0.03 -> 0.33 | C14: =C13 -> 50 | D14: =D13 -> 300 | E14: =E13 -> 134.33333 | F14: =F13+1 -> 54.600006 | G14: =J14-E14 -> -1.3333333 | H14: =M14-E14 -> -1.3333333 | I14: =P14-E14 -> -6.3333333 | J14: 133 | K14: 52.600006 | M14: 133 | N14: 56.600006 | P14: 128 | Q14: 62.600006 | T14: 269 | U14: 48.600006 | W14: 273 | X14: 50.600006 | Z14: 277 | AA14: 49.600006 | AB14: c | AC14: =AC13 -> 350 | AD14: =AD13 -> 350 | AE14: =AE13 -> 273.66667 | AF14: =AF13+2 -> 57.600006 | AG14: =AE14-T14 -> 4.6666667 | AH14: =AE14-W14 -> 0.66666667 | AI14: =AE14-Z14 -> -3.3333333
A15: 12 | B15: =A15*0.03 -> 0.36 | C15: =C14 -> 50 | D15: =D14 -> 300 | E15: =E14 -> 134.33333 | F15: =F14+1 -> 55.600006 | G15: =J15-E15 -> -1.3333333 | H15: =M15-E15 -> -1.3333333 | I15: =P15-E15 -> -7.3333333 | J15: 133 | K15: 53.600006 | M15: 133 | N15: 57.600006 | P15: 127 | Q15: 63.600006 | T15: 269 | U15: 49.600006 | W15: 273 | X15: 52.600006 | Z15: 278 | AA15: 50.600006 | AB15: c | AC15: =AC14 -> 350 | AD15: =AD14 -> 350 | AE15: =AE14 -> 273.66667 | AF15: =AF14+2 -> 59.600006 | AG15: =AE15-T15 -> 4.6666667 | AH15: =AE15-W15 -> 0.66666667 | AI15: =AE15-Z15 -> -4.3333333
A16: 13 | B16: =A16*0.03 -> 0.39 | C16: =C15 -> 50 | D16: =D15 -> 300 | E16: =E15 -> 134.33333 | F16: =F15+1 -> 56.600006 | G16: =J16-E16 -> -1.3333333 | H16: =M16-E16 -> -1.3333333 | I16: =P16-E16 -> -7.3333333 | J16: 133 | K16: 53.600006 | M16: 133 | N16: 57.600006 | P16: 127 | Q16: 64.600006 | T16: 269 | U16: 49.600006 | W16: 273 | X16: 53.600006 | Z16: 279 | AA16: 52.600006 | AB16: c | AC16: =AC15 -> 350 | AD16: =AD15 -> 350 | AE16: =AE15 -> 273.66667 | AF16: =AF15+2 -> 61.600006 | AG16: =AE16-T16 -> 4.6666667 | AH16: =AE16-W16 -> 0.66666667 | AI16: =AE16-Z16 -> -5.3333333
... A351: 348 | B351: =A351*0.03 -> 10.44 | C351: =C350 -> 50 | D351: =D350 -> 300 | E351: =E350 -> 134.33333 | F351: =F350+1 -> 391.60001 | G351: =J351-E351 -> 94.666667 | H351: =M351-E351 -> 94.666667 | I351: =P351-E351 -> 86.666667 | J351: 229 | K351: 376.60001 | M351: 229 | N351: 476.6 | P351: 221 | Q351: 377.60001 | T351: 172 | U351: 437.6 | W351: 172 | X351: 442.6 | Z351: 167 | AA351: 405.60001 | AB351: c | AC351: =AC350 -> 350 | AD351: =AD350 -> 350 | AE351: =AE350 -> 273.66667 | AF351: =AF350+2 -> 731.60001 | AG351: =AE351-T351 -> 101.66667 | AH351: =AE351-W351 -> 101.66667 | AI351: =AE351-Z351 -> 106.66667
A352: 349 | B352: =A352*0.03 -> 10.47 | C352: =C351 -> 50 | D352: =D351 -> 300 | E352: =E351 -> 134.33333 | F352: =F351+1 -> 392.60001 | G352: =J352-E352 -> 94.666667 | I352: =P352-E352 -> 86.666667 | J352: 229 | K352: 377.60001 | P352: 221 | Q352: 378.60001 | T352: 172 | U352: 438.6 | W352: 172 | X352: 443.6 | Z352: 167 | AA352: 407.60001 | AB352: c | AC352: =AC351 -> 350 | AD352: =AD351 -> 350 | AE352: =AE351 -> 273.66667 | AF352: =AF351+2 -> 733.60001 | AG352: =AE352-T352 -> 101.66667 | AH352: =AE352-W352 -> 101.66667 | AI352: =AE352-Z352 -> 106.66667
A353: 350 | B353: =A353*0.03 -> 10.5 | C353: =C352 -> 50 | D353: =D352 -> 300 | E353: =E352 -> 134.33333 | F353: =F352+1 -> 393.60001 | G353: =J353-E353 -> 94.666667 | I353: =P353-E353 -> 86.666667 | J353: 229 | K353: 379.60001 | P353: 221 | Q353: 379.60001 | T353: 172 | U353: 441.6 | W353: 172 | X353: 444.6 | Z353: 167 | AA353: 408.60001 | AB353: c | AC353: =AC352 -> 350 | AD353: =AD352 -> 350 | AE353: =AE352 -> 273.66667 | AF353: =AF352+2 -> 735.60001 | AG353: =AE353-T353 -> 101.66667 | AH353: =AE353-W353 -> 101.66667 | AI353: =AE353-Z353 -> 106.66667
A354: 351 | B354: =A354*0.03 -> 10.53 | C354: =C353 -> 50 | D354: =D353 -> 300 | E354: =E353 -> 134.33333 | F354: =F353+1 -> 394.60001 | G354: =J354-E354 -> 94.666667 | I354: =P354-E354 -> 86.666667 | J354: 229 | K354: 380.60001 | P354: 221 | Q354: 380.60001 | T354: 172 | U354: 445.6 | W354: 172 | X354: 445.6 | Z354: 167 | AA354: 409.60001 | AB354: c | AC354: =AC353 -> 350 | AD354: =AD353 -> 350 | AE354: =AE353 -> 273.66667 | AF354: =AF353+2 -> 737.60001 | AG354: =AE354-T354 -> 101.66667 | AH354: =AE354-W354 -> 101.66667 | AI354: =AE354-Z354 -> 106.66667
A355: 352 | B355: =A355*0.03 -> 10.56 | C355: =C354 -> 50 | D355: =D354 -> 300 | E355: =E354 -> 134.33333 | F355: =F354+1 -> 395.60001 | G355: =J355-E355 -> 94.666667 | I355: =P355-E355 -> 86.666667 | J355: 229 | K355: 382.60001 | P355: 221 | Q355: 381.60001 | T355: 172 | U355: 447.6 | W355: 172 | X355: 445.6 | Z355: 167 | AA355: 411.60001 | AB355: c | AC355: =AC354 -> 350 | AD355: =AD354 -> 350 | AE355: =AE354 -> 273.66667 | AF355: =AF354+2 -> 739.60001 | AG355: =AE355-T355 -> 101.66667 | AH355: =AE355-W355 -> 101.66667 | AI355: =AE355-Z355 -> 106.66667
A356: 353 | B356: =A356*0.03 -> 10.59 | C356: =C355 -> 50 | D356: =D355 -> 300 | E356: =E355 -> 134.33333 | F356: =F355+1 -> 396.60001 | G356: =J356-E356 -> 94.666667 | I356: =P356-E356 -> 86.666667 | J356: 229 | K356: 383.60001 | P356: 221 | Q356: 381.60001 | T356: 172 | U356: 449.6 | W356: 172 | X356: 446.6 | Z356: 167 | AA356: 413.60001 | AB356: c | AC356: =AC355 -> 350 | AD356: =AD355 -> 350 | AE356: =AE355 -> 273.66667 | AF356: =AF355+2 -> 741.60001 | AG356: =AE356-T356 -> 101.66667 | AH356: =AE356-W356 -> 101.66667 | AI356: =AE356-Z356 -> 106.66667
A357: 354 | B357: =A357*0.03 -> 10.62 | C357: =C356 -> 50 | D357: =D356 -> 300 | E357: =E356 -> 134.33333 | F357: =F356+1 -> 397.60001 | G357: =J357-E357 -> 94.666667 | I357: =P357-E357 -> 86.666667 | J357: 229 | K357: 384.60001 | P357: 221 | Q357: 382.60001 | T357: 172 | U357: 450.6 | W357: 173 | X357: 447.6 | Z357: 167 | AA357: 414.60001 | AB357: c | AC357: =AC356 -> 350 | AD357: =AD356 -> 350 | AE357: =AE356 -> 273.66667 | AF357: =AF356+2 -> 743.60001 | AG357: =AE357-T357 -> 101.66667 | AH357: =AE357-W357 -> 100.66667 | AI357: =AE357-Z357 -> 106.66667
A358: 355 | B358: =A358*0.03 -> 10.65 | C358: =C357 -> 50 | D358: =D357 -> 300 | E358: =E357 -> 134.33333 | F358: =F357+1 -> 398.60001 | G358: =J358-E358 -> 94.666667 | I358: =P358-E358 -> 85.666667 | J358: 229 | K358: 385.60001 | P358: 220 | Q358: 383.60001 | T358: 172 | U358: 452.6 | W358: 173 | X358: 448.6 | Z358: 167 | AA358: 416.60001 | AB358: c | AC358: =AC357 -> 350 | AD358: =AD357 -> 350 | AE358: =AE357 -> 273.66667 | AF358: =AF357+2 -> 745.60001 | AG358: =AE358-T358 -> 101.66667 | AH358: =AE358-W358 -> 100.66667 | AI358: =AE358-Z358 -> 106.66667
A359: 356 | B359: =A359*0.03 -> 10.68 | C359: =C358 -> 50 | D359: =D358 -> 300 | E359: =E358 -> 134.33333 | F359: =F358+1 -> 399.60001 | G359: =J359-E359 -> 94.666667 | I359: =P359-E359 -> 85.666667 | J359: 229 | K359: 387.60001 | P359: 220 | Q359: 384.60001 | T359: 172 | U359: 453.6 | W359: 173 | X359: 449.6 | Z359: 167 | AA359: 417.60001 | AB359: c | AC359: =AC358 -> 350 | AD359: =AD358 -> 350 | AE359: =AE358 -> 273.66667 | AF359: =AF358+2 -> 747.60001 | AG359: =AE359-T359 -> 101.66667 | AH359: =AE359-W359 -> 100.66667 | AI359: =AE359-Z359 -> 106.66667
A360: 357 | B360: =A360*0.03 -> 10.71 | C360: =C359 -> 50 | D360: =D359 -> 300 | E360: =E359 -> 134.33333 | F360: =F359+1 -> 400.60001 | G360: =J360-E360 -> 95.666667 | I360: =P360-E360 -> 85.666667 | J360: 230 | K360: 388.60001 | P360: 220 | Q360: 385.60001 | T360: 172 | U360: 453.6 | W360: 173 | X360: 449.6 | Z360: 167 | AA360: 418.60001 | AB360: c | AC360: =AC359 -> 350 | AD360: =AD359 -> 350 | AE360: =AE359 -> 273.66667 | AF360: =AF359+2 -> 749.60001 | AG360: =AE360-T360 -> 101.66667 | AH360: =AE360-W360 -> 100.66667 | AI360: =AE360-Z360 -> 106.66667
A361: 358 | B361: =A361*0.03 -> 10.74 | C361: =C360 -> 50 | D361: =D360 -> 300 | E361: =E360 -> 134.33333 | F361: =F360+1 -> 401.60001 | G361: =J361-E361 -> 95.666667 | I361: =P361-E361 -> 84.666667 | J361: 230 | K361: 389.60001 | P361: 219 | Q361: 385.60001 | T361: 172 | U361: 454.6 | W361: 173 | X361: 450.6 | Z361: 167 | AA361: 419.60001 | AB361: c | AC361: =AC360 -> 350 | AD361: =AD360 -> 350 | AE361: =AE360 -> 273.66667 | AF361: =AF360+2 -> 751.60001 | AG361: =AE361-T361 -> 101.66667 | AH361: =AE361-W361 -> 100.66667 | AI361: =AE361-Z361 -> 106.66667
A362: 359 | B362: =A362*0.03 -> 10.77 | C362: =C361 -> 50 | D362: =D361 -> 300 | E362: =E361 -> 134.33333 | F362: =F361+1 -> 402.60001 | G362: =J362-E362 -> 95.666667 | I362: =P362-E362 -> 84.666667 | J362: 230 | K362: 390.60001 | P362: 219 | Q362: 386.60001 | T362: 172 | U362: 455.6 | W362: 173 | X362: 451.6 | Z362: 167 | AA362: 421.60001 | AC362: =AC361 -> 350 | AD362: =AD361 -> 350 | AE362: =AE361 -> 273.66667 | AF362: =AF361+2 -> 753.60001 | AG362: =AE362-T362 -> 101.66667 | AH362: =AE362-W362 -> 100.66667
A363: 360 | B363: =A363*0.03 -> 10.8 | C363: =C362 -> 50 | D363: =D362 -> 300 | E363: =E362 -> 134.33333 | F363: =F362+1 -> 403.60001 | G363: =J363-E363 -> 95.666667 | I363: =P363-E363 -> 84.666667 | J363: 230 | K363: 391.60001 | P363: 219 | Q363: 387.60001 | T363: 172 | U363: 456.6 | W363: 174 | X363: 453.6 | Z363: 167 | AA363: 421.60001 | AC363: =AC362 -> 350 | AD363: =AD362 -> 350 | AE363: =AE362 -> 273.66667 | AF363: =AF362+2 -> 755.60001 | AG363: =AE363-T363 -> 101.66667 | AH363: =AE363-W363 -> 99.666667
A364: 361 | B364: =A364*0.03 -> 10.83 | C364: =C363 -> 50 | D364: =D363 -> 300 | E364: =E363 -> 134.33333 | F364: =F363+1 -> 404.60001 | G364: =J364-E364 -> 95.666667 | I364: =P364-E364 -> 83.666667 | J364: 230 | K364: 392.60001 | P364: 218 | Q364: 388.60001 | T364: 172 | U364: 457.6 | W364: 174 | X364: 453.6 | Z364: 167 | AA364: 422.60001 | AC364: =AC363 -> 350 | AD364: =AD363 -> 350 | AE364: =AE363 -> 273.66667 | AF364: =AF363+2 -> 757.60001 | AG364: =AE364-T364 -> 101.66667 | AH364: =AE364-W364 -> 99.666667
A365: 362 | B365: =A365*0.03 -> 10.86 | C365: =C364 -> 50 | D365: =D364 -> 300 | E365: =E364 -> 134.33333 | F365: =F364+1 -> 405.60001 | G365: =J365-E365 -> 96.666667 | I365: =P365-E365 -> 83.666667 | J365: 231 | K365: 393.60001 | P365: 218 | Q365: 389.60001 | T365: 172 | U365: 457.6 | W365: 174 | X365: 454.6 | Z365: 167 | AA365: 425.60001 | AC365: =AC364 -> 350 | AD365: =AD364 -> 350 | AE365: =AE364 -> 273.66667 | AF365: =AF364+2 -> 759.60001 | AG365: =AE365-T365 -> 101.66667 | AH365: =AE365-W365 -> 99.666667
A366: 363 | B366: =A366*0.03 -> 10.89 | C366: =C365 -> 50 | D366: =D365 -> 300 | E366: =E365 -> 134.33333 | F366: =F365+1 -> 406.60001 | G366: =J366-E366 -> 96.666667 | I366: =P366-E366 -> 83.666667 | J366: 231 | K366: 395.60001 | P366: 218 | Q366: 390.60001 | T366: 172 | U366: 458.6 | W366: 175 | X366: 456.6 | Z366: 167 | AA366: 425.60001 | AC366: =AC365 -> 350 | AD366: =AD365 -> 350 | AE366: =AE365 -> 273.66667 | AF366: =AF365+2 -> 761.60001 | AG366: =AE366-T366 -> 101.66667 | AH366: =AE366-W366 -> 98.666667
A367: 364 | B367: =A367*0.03 -> 10.92 | C367: =C366 -> 50 | D367: =D366 -> 300 | E367: =E366 -> 134.33333 | F367: =F366+1 -> 407.60001 | G367: =J367-E367 -> 96.666667 | I367: =P367-E367 -> 83.666667 | J367: 231 | K367: 396.60001 | P367: 218 | Q367: 391.60001 | T367: 172 | U367: 459.6 | W367: 175 | X367: 457.6 | Z367: 167 | AA367: 426.60001 | AC367: =AC366 -> 350 | AD367: =AD366 -> 350 | AE367: =AE366 -> 273.66667 | AF367: =AF366+2 -> 763.60001 | AH367: =AE367-W367 -> 98.666667
A368: 365 | B368: =A368*0.03 -> 10.95 | C368: =C367 -> 50 | D368: =D367 -> 300 | E368: =E367 -> 134.33333 | F368: =F367+1 -> 408.60001 | G368: =J368-E368 -> 97.666667 | J368: 232 | K368: 397.60001 | P368: 218 | Q368: 393.60001 | T368: 172 | U368: 460.6 | W368: 176 | X368: 457.6 | Z368: 167 | AA368: 427.60001 | AC368: =AC367 -> 350 | AD368: =AD367 -> 350 | AE368: =AE367 -> 273.66667 | AF368: =AF367+2 -> 765.60001 | AH368: =AE368-W368 -> 97.666667
A369: 366 | B369: =A369*0.03 -> 10.98 | C369: =C368 -> 50 | D369: =D368 -> 300 | E369: =E368 -> 134.33333 | F369: =F368+1 -> 409.60001 | J369: 232 | K369: 399.60001 | P369: 218 | Q369: 394.60001 | T369: 172 | U369: 461.6 | W369: 177 | X369: 459.6 | Z369: 167 | AA369: 429.60001
A370: 367 | B370: =A370*0.03 -> 11.01 | C370: =C369 -> 50 | D370: =D369 -> 300 | E370: =E369 -> 134.33333 | F370: =F369+1 -> 410.60001 | J370: 233 | K370: 401.60001 | P370: 218 | Q370: 395.60001 | T370: 172 | U370: 461.6 | W370: 177 | X370: 460.6 | Z370: 167 | AA370: 429.60001
A371: 368 | B371: =A371*0.03 -> 11.04 | C371: =C370 -> 50 | D371: =D370 -> 300 | E371: =E370 -> 134.33333 | F371: =F370+1 -> 411.60001 | J371: 233 | K371: 402.60001 | P371: 218 | Q371: 397.60001 | T371: 172 | U371: 462.6 | W371: 177 | X371: 461.6 | Z371: 167 | AA371: 430.60001
A372: 369 | B372: =A372*0.03 -> 11.07 | C372: =C371 -> 50 | D372: =D371 -> 300 | E372: =E371 -> 134.33333 | F372: =F371+1 -> 412.60001 | J372: 233 | K372: 405.60001 | P372: 218 | Q372: 398.60001 | T372: 172 | U372: 463.6 | W372: 177 | X372: 461.6 | Z372: 167 | AA372: 432.60001
A373: 370 | B373: =A373*0.03 -> 11.1 | C373: =C372 -> 50 | D373: =D372 -> 300 | E373: =E372 -> 134.33333 | F373: =F372+1 -> 413.60001 | J373: 233 | K373: 406.60001 | P373: 218 | Q373: 400.60001 | T373: 172 | U373: 464.6 | W373: 177 | X373: 462.6 | Z373: 167 | AA373: 433.60001
A374: 371 | B374: =A374*0.03 -> 11.13 | C374: =C373 -> 50 | D374: =D373 -> 300 | E374: =E373 -> 134.33333 | F374: =F373+1 -> 414.60001 | J374: 233 | K374: 408.60001 | P374: 218 | Q374: 402.60001 | T374: 172 | U374: 465.6 | W374: 177 | X374: 463.6 | Z374: 167 | AA374: 435.60001
A375: 372 | B375: =A375*0.03 -> 11.16 | C375: =C374 -> 50 | D375: =D374 -> 300 | E375: =E374 -> 134.33333 | F375: =F374+1 -> 415.60001 | J375: 233 | K375: 409.60001 | P375: 218 | Q375: 404.60001 | T375: 172 | U375: 465.6 | W375: 177 | X375: 464.6 | Z375: 167 | AA375: 436.6
A376: 373 | B376: =A376*0.03 -> 11.19 | C376: =C375 -> 50 | D376: =D375 -> 300 | E376: =E375 -> 134.33333 | F376: =F375+1 -> 416.60001 | J376: 233 | K376: 411.60001 | P376: 218 | Q376: 405.60001 | T376: 171 | U376: 465.6 | W376: 177 | X376: 465.6 | Z376: 167 | AA376: 437.6
A377: 374 | B377: =A377*0.03 -> 11.22 | C377: =C376 -> 50 | D377: =D376 -> 300 | E377: =E376 -> 134.33333 | F377: =F376+1 -> 417.60001 | J377: 233 | K377: 413.60001 | P377: 218 | Q377: 406.60001 | T377: 171 | U377: 466.6 | W377: 177 | X377: 465.6 | Z377: 168 | AA377: 441.6
A378: 375 | B378: =A378*0.03 -> 11.25 | C378: =C377 -> 50 | D378: =D377 -> 300 | E378: =E377 -> 134.33333 | F378: =F377+1 -> 418.60001 | J378: 233 | K378: 414.60001 | P378: 218 | Q378: 408.60001 | T378: 171 | U378: 467.6 | W378: 177 | X378: 466.6 | Z378: 168 | AA378: 441.6
A379: 376 | B379: =A379*0.03 -> 11.28 | C379: =C378 -> 50 | D379: =D378 -> 300 | E379: =E378 -> 134.33333 | F379: =F378+1 -> 419.60001 | J379: 233 | K379: 415.60001 | P379: 218 | Q379: 409.60001 | T379: 171 | U379: 468.6 | W379: 177 | X379: 467.6 | Z379: 168 | AA379: 443.6
A380: 377 | B380: =A380*0.03 -> 11.31 | C380: =C379 -> 50 | D380: =D379 -> 300 | E380: =E379 -> 134.33333 | F380: =F379+1 -> 420.60001 | J380: 233 | K380: 417.60001 | P380: 218 | Q380: 410.60001 | T380: 171 | U380: 469.6 | W380: 177 | X380: 468.6 | Z380: 168 | AA380: 445.6
... A383: 380 | B383: =A383*0.03 -> 11.4 | C383: =C382 -> 50 | D383: =D382 -> 300 | E383: =E382 -> 134.33333 | F383: =F382+1 -> 423.60001 | J383: 233 | K383: 420.60001 | P383: 218 | Q383: 413.60001 | T383: 170 | U383: 470.6 | W383: 177 | X383: 470.6 | Z383: 169 | AA383: 450.6
A384: 381 | B384: =A384*0.03 -> 11.43 | C384: =C383 -> 50 | D384: =D383 -> 300 | E384: =E383 -> 134.33333 | F384: =F383+1 -> 424.60001 | J384: 233 | K384: 421.60001 | P384: 218 | Q384: 414.60001 | T384: 170 | U384: 471.6 | Z384: 169 | AA384: 452.6
A385: 382 | B385: =A385*0.03 -> 11.46 | C385: =C384 -> 50 | D385: =D384 -> 300 | E385: =E384 -> 134.33333 | F385: =F384+1 -> 425.60001 | J385: 233 | K385: 422.60001 | P385: 218 | Q385: 416.60001 | T385: 170 | U385: 472.6 | Z385: 169 | AA385: 453.6
A386: 383 | B386: =A386*0.03 -> 11.49 | C386: =C385 -> 50 | D386: =D385 -> 300 | E386: =E385 -> 134.33333 | F386: =F385+1 -> 426.60001 | J386: 233 | K386: 423.60001 | P386: 218 | Q386: 417.60001 | T386: 170 | U386: 473.6 | Z386: 169 | AA386: 455.6
A387: 384 | B387: =A387*0.03 -> 11.52 | C387: =C386 -> 50 | D387: =D386 -> 300 | E387: =E386 -> 134.33333 | F387: =F386+1 -> 427.60001 | J387: 233 | K387: 425.60001 | P387: 218 | Q387: 417.60001 | T387: 170 | U387: 473.6 | Z387: 169 | AA387: 456.6
A388: 385 | B388: =A388*0.03 -> 11.55 | C388: =C387 -> 50 | D388: =D387 -> 300 | E388: =E387 -> 134.33333 | F388: =F387+1 -> 428.60001 | J388: 232 | K388: 425.60001 | P388: 218 | Q388: 419.60001 | T388: 170 | U388: 474.6 | Z388: 169 | AA388: 457.6
A389: 386 | B389: =A389*0.03 -> 11.58 | C389: =C388 -> 50 | D389: =D388 -> 300 | E389: =E388 -> 134.33333 | F389: =F388+1 -> 429.60001 | J389: 232 | K389: 426.60001 | P389: 218 | Q389: 421.60001 | T389: 170 | U389: 475.6 | Z389: 169 | AA389: 459.6
A390: 387 | B390: =A390*0.03 -> 11.61 | C390: =C389 -> 50 | D390: =D389 -> 300 | E390: =E389 -> 134.33333 | F390: =F389+1 -> 430.60001 | J390: 231 | K390: 427.60001 | P390: 218 | Q390: 421.60001 | Z390: 169 | AA390: 461.6
A391: 388 | B391: =A391*0.03 -> 11.64 | C391: =C390 -> 50 | D391: =D390 -> 300 | E391: =E390 -> 134.33333 | F391: =F390+1 -> 431.60001 | J391: 231 | K391: 429.60001 | P391: 218 | Q391: 422.60001 | Z391: 169 | AA391: 461.6
A392: 389 | B392: =A392*0.03 -> 11.67 | C392: =C391 -> 50 | D392: =D391 -> 300 | E392: =E391 -> 134.33333 | F392: =F391+1 -> 432.60001 | J392: 231 | K392: 430.60001 | P392: 218 | Q392: 424.60001 | Z392: 169 | AA392: 463.6
A393: 390 | B393: =A393*0.03 -> 11.7 | C393: =C392 -> 50 | D393: =D392 -> 300 | E393: =E392 -> 134.33333 | F393: =F392+1 -> 433.60001 | J393: 231 | K393: 431.60001 | P393: 218 | Q393: 425.60001 | Z393: 169 | AA393: 465.6
A394: 391 | B394: =A394*0.03 -> 11.73 | C394: =C393 -> 50 | D394: =D393 -> 300 | E394: =E393 -> 134.33333 | F394: =F393+1 -> 434.60001 | J394: 230 | K394: 433.60001 | P394: 218 | Q394: 425.60001 | Z394: 169 | AA394: 465.6
A395: 392 | B395: =A395*0.03 -> 11.76 | C395: =C394 -> 50 | D395: =D394 -> 300 | E395: =E394 -> 134.33333 | F395: =F394+1 -> 435.60001 | J395: 230 | K395: 433.60001 | P395: 218 | Q395: 427.60001 | Z395: 169 | AA395: 466.6
A396: 393 | B396: =A396*0.03 -> 11.79 | C396: =C395 -> 50 | D396: =D395 -> 300 | E396: =E395 -> 134.33333 | F396: =F395+1 -> 436.60001 | J396: 229 | K396: 435.60001 | P396: 218 | Q396: 428.60001 | Z396: 169 | AA396: 467.6
A397: 394 | B397: =A397*0.03 -> 11.82 | C397: =C396 -> 50 | D397: =D396 -> 300 | E397: =E396 -> 134.33333 | F397: =F396+1 -> 437.60001 | J397: 229 | K397: 437.6 | P397: 218 | Q397: 429.60001 | Z397: 169 | AA397: 468.6
A398: 395 | B398: =A398*0.03 -> 11.85 | C398: =C397 -> 50 | D398: =D397 -> 300 | E398: =E397 -> 134.33333 | F398: =F397+1 -> 438.60001 | J398: 229 | K398: 438.6 | P398: 219 | Q398: 429.60001 | Z398: 169 | AA398: 469.6
A399: 396 | B399: =A399*0.03 -> 11.88 | C399: =C398 -> 50 | D399: =D398 -> 300 | E399: =E398 -> 134.33333 | F399: =F398+1 -> 439.60001 | J399: 229 | K399: 441.6 | P399: 219 | Q399: 431.60001 | Z399: 169 | AA399: 469.6
A400: 397 | B400: =A400*0.03 -> 11.91 | C400: =C399 -> 50 | D400: =D399 -> 300 | E400: =E399 -> 134.33333 | F400: =F399+1 -> 440.60001 | J400: 229 | K400: 441.6 | P400: 219 | Q400: 432.60001 | Z400: 169 | AA400: 470.6
A401: 398 | B401: =A401*0.03 -> 11.94 | C401: =C400 -> 50 | D401: =D400 -> 300 | E401: =E400 -> 134.33333 | F401: =F400+1 -> 441.60001 | J401: 229 | K401: 443.6 | P401: 219 | Q401: 433.60001 | Z401: 169 | AA401: 471.6
... A403: 400 | B403: =A403*0.03 -> 12 | C403: =C402 -> 50 | D403: =D402 -> 300 | E403: =E402 -> 134.33333 | F403: =F402+1 -> 443.60001 | J403: 229 | K403: 445.6 | P403: 220 | Q403: 436.6 | Z403: 169 | AA403: 473.6
A404: 401 | B404: =A404*0.03 -> 12.03 | C404: =C403 -> 50 | D404: =D403 -> 300 | E404: =E403 -> 134.33333 | F404: =F403+1 -> 444.60001 | J404: 229 | K404: 446.6 | P404: 220 | Q404: 437.6
A405: 402 | B405: =A405*0.03 -> 12.06 | C405: =C404 -> 50 | D405: =D404 -> 300 | E405: =E404 -> 134.33333 | F405: =F404+1 -> 445.60001 | J405: 229 | K405: 447.6 | P405: 220 | Q405: 437.6
A406: 403 | B406: =A406*0.03 -> 12.09 | C406: =C405 -> 50 | D406: =D405 -> 300 | E406: =E405 -> 134.33333 | F406: =F405+1 -> 446.60001 | J406: 229 | K406: 448.6 | P406: 220 | Q406: 438.6
A407: 404 | B407: =A407*0.03 -> 12.12 | C407: =C406 -> 50 | D407: =D406 -> 300 | E407: =E406 -> 134.33333 | F407: =F406+1 -> 447.60001 | J407: 229 | K407: 449.6 | P407: 221 | Q407: 439.6
A408: 405 | B408: =A408*0.03 -> 12.15 | C408: =C407 -> 50 | D408: =D407 -> 300 | E408: =E407 -> 134.33333 | F408: =F407+1 -> 448.60001 | J408: 229 | K408: 450.6 | P408: 221 | Q408: 440.6
A409: 406 | B409: =A409*0.03 -> 12.18 | C409: =C408 -> 50 | D409: =D408 -> 300 | E409: =E408 -> 134.33333 | F409: =F408+1 -> 449.60001 | J409: 229 | K409: 451.6 | P409: 221 | Q409: 441.6
A410: 407 | B410: =A410*0.03 -> 12.21 | C410: =C409 -> 50 | D410: =D409 -> 300 | E410: =E409 -> 134.33333 | F410: =F409+1 -> 450.60001 | J410: 229 | K410: 452.6 | P410: 222 | Q410: 442.6
A411: 408 | B411: =A411*0.03 -> 12.24 | C411: =C410 -> 50 | D411: =D410 -> 300 | E411: =E410 -> 134.33333 | F411: =F410+1 -> 451.60001 | J411: 229 | K411: 453.6 | P411: 222 | Q411: 443.6
A412: 409 | B412: =A412*0.03 -> 12.27 | C412: =C411 -> 50 | D412: =D411 -> 300 | E412: =E411 -> 134.33333 | F412: =F411+1 -> 452.60001 | J412: 229 | K412: 454.6 | P412: 222 | Q412: 444.6
A413: 410 | B413: =A413*0.03 -> 12.3 | C413: =C412 -> 50 | D413: =D412 -> 300 | E413: =E412 -> 134.33333 | F413: =F412+1 -> 453.60001 | J413: 229 | K413: 455.6 | P413: 223 | Q413: 445.6
A414: 411 | B414: =A414*0.03 -> 12.33 | C414: =C413 -> 50 | D414: =D413 -> 300 | E414: =E413 -> 134.33333 | F414: =F413+1 -> 454.60001 | J414: 229 | K414: 456.6 | P414: 223 | Q414: 445.6
A415: 412 | B415: =A415*0.03 -> 12.36 | C415: =C414 -> 50 | D415: =D414 -> 300 | E415: =E414 -> 134.33333 | F415: =F414+1 -> 455.60001 | J415: 229 | K415: 457.6 | P415: 223 | Q415: 446.6
... A445: 442 | B445: =A445*0.03 -> 13.26 | C445: =C444 -> 50 | D445: =D444 -> 300 | E445: =E444 -> 134.33333 | F445: =F444+1 -> 485.60001 | J445: 229 | K445: 482.6 | P445: 223 | Q445: 472.6
A446: 443 | B446: =A446*0.03 -> 13.29 | C446: =C445 -> 50 | D446: =D445 -> 300 | E446: =E445 -> 134.33333 | F446: =F445+1 -> 486.60001 | P446: 223 | Q446: 473.6
A447: 444 | B447: =A447*0.03 -> 13.32 | C447: =C446 -> 50 | D447: =D446 -> 300 | E447: =E446 -> 134.33333 | F447: =F446+1 -> 487.60001 | P447: 223 | Q447: 473.6
A448: 445 | B448: =A448*0.03 -> 13.35 | C448: =C447 -> 50 | D448: =D447 -> 300 | E448: =E447 -> 134.33333 | F448: =F447+1 -> 488.60001 | P448: 223 | Q448: 475.6
A449: 446 | B449: =A449*0.03 -> 13.38 | C449: =C448 -> 50 | D449: =D448 -> 300 | E449: =E448 -> 134.33333 | F449: =F448+1 -> 489.60001 | P449: 223 | Q449: 476.6
A450: 447 | B450: =A450*0.03 -> 13.41 | C450: =C449 -> 50 | D450: =D449 -> 300 | E450: =E449 -> 134.33333 | F450: =F449+1 -> 490.60001 | P450: 223 | Q450: 477.6
A451: 448 | B451: =A451*0.03 -> 13.44 | C451: =C450 -> 50 | D451: =D450 -> 300 | E451: =E450 -> 134.33333 | F451: =F450+1 -> 491.60001 | P451: 223 | Q451: 477.6
A452: 449 | B452: =A452*0.03 -> 13.47 | C452: =C451 -> 50 | D452: =D451 -> 300 | E452: =E451 -> 134.33333 | F452: =F451+1 -> 492.60001 | P452: 223 | Q452: 478.6
A453: 450 | B453: =A453*0.03 -> 13.5 | C453: =C452 -> 50 | D453: =D452 -> 300 | E453: =E452 -> 134.33333 | F453: =F452+1 -> 493.60001
A454: 451 | B454: =A454*0.03 -> 13.53 | C454: =C453 -> 50 | D454: =D453 -> 300 | E454: =E453 -> 134.33333 | F454: =F453+1 -> 494.60001
A455: 452 | B455: =A455*0.03 -> 13.56 | C455: =C454 -> 50 | D455: =D454 -> 300 | E455: =E454 -> 134.33333 | F455: =F454+1 -> 495.60001
A456: 453 | B456: =A456*0.03 -> 13.59 | C456: =C455 -> 50 | D456: =D455 -> 300 | E456: =E455 -> 134.33333 | F456: =F455+1 -> 496.60001
A457: 454 | B457: =A457*0.03 -> 13.62 | C457: =C456 -> 50 | D457: =D456 -> 300 | E457: =E456 -> 134.33333 | F457: =F456+1 -> 497.60001
A458: 455 | B458: =A458*0.03 -> 13.65 | C458: =C457 -> 50 | D458: =D457 -> 300 | E458: =E457 -> 134.33333 | F458: =F457+1 -> 498.60001
A459: 456 | B459: =A459*0.03 -> 13.68 | C459: =C458 -> 50 | D459: =D458 -> 300 | E459: =E458 -> 134.33333 | F459: =F458+1 -> 499.60001
A460: 457 | B460: =A460*0.03 -> 13.71 | C460: =C459 -> 50 | D460: =D459 -> 300 | E460: =E459 -> 134.33333 | F460: =F459+1 -> 500.60001
A461: 458 | B461: =A461*0.03 -> 13.74 | C461: =C460 -> 50 | D461: =D460 -> 300 | E461: =E460 -> 134.33333 | F461: =F460+1 -> 501.60001
A462: 459 | B462: =A462*0.03 -> 13.77 | C462: =C461 -> 50 | D462: =D461 -> 300 | E462: =E461 -> 134.33333 | F462: =F461+1 -> 502.60001
A463: 460 | B463: =A463*0.03 -> 13.8 | C463: =C462 -> 50 | D463: =D462 -> 300 | E463: =E462 -> 134.33333 | F463: =F462+1 -> 503.60001
A464: 461 | B464: =A464*0.03 -> 13.83 | C464: =C463 -> 50 | D464: =D463 -> 300 | E464: =E463 -> 134.33333 | F464: =F463+1 -> 504.60001
... A485: 482 | B485: =A485*0.03 -> 14.46 | C485: =C484 -> 50 | D485: =D484 -> 300 | E485: =E484 -> 134.33333 | F485: =F484+1 -> 525.60001

Sheet 30
G1: Max1 | H1: Max2 | I1: Max 3 | J1: Kiri | AG1: Max1 | AH1: Max2 | AI1: Max 3
G2: =MAX(G4:G485) -> 90.666667 | H2: =MAX(H4:H485) -> 92.666667 | I2: =MAX(I4:I485) -> 95.666667 | AG2: =MAX(AG4:AG485) -> 89.333333 | AH2: =MAX(AH4:AH485) -> 92.333333 | AI2: =MAX(AI4:AI485) -> 93.333333
B3: t | C3: gangg x | D3: gangg y | E3: Ux | F3: Uy | G3: Simpangan 1 | H3: Simpangan 2 | I3: Simpangan 3 | J3: x | K3: y | L3: z | T3: x | U3: y | V3: z | AC3: gangg x | AD3: gangg y | AE3: Ux | AF3: Uy | AG3: Simpangan 1 | AH3: Simpangan 2 | AI3: Simpangan 3
A4: 1 | B4: =A4*0.03 -> 0.03 | C4: =50 -> 50 | D4: 300 | E4: =AVERAGE(J4,M4,P4) -> 142.33333 | F4: =MIN(K4,N4,Q4) -> 42.600006 | G4: =J4-E4 -> -0.33333333 | H4: =M4-E4 -> -0.33333333 | I4: =P4-E4 -> 0.66666667 | J4: 142 | K4: 45.600006 | L4: a | M4: 142 | N4: 42.600006 | O4: b | P4: 143 | Q4: 45.600006 | R4: c | T4: 262 | U4: 22.600006 | V4: a | W4: 261 | X4: 36.600006 | Y4: b | Z4: 264 | AA4: 29.600006 | AB4: c | AC4: =350 -> 350 | AD4: 350 | AE4: =AVERAGE(T4,W4,Z4) -> 262.33333 | AF4: =MIN(U4,X4,AA4) -> 22.600006 | AG4: =AE4-T4 -> 0.33333333 | AH4: =AE4-W4 -> 1.3333333 | AI4: =AE4-Z4 -> -1.6666667
A5: 2 | B5: =A5*0.03 -> 0.06 | C5: =C4 -> 50 | D5: =D4 -> 300 | E5: =E4 -> 142.33333 | F5: =F4+1 -> 43.600006 | G5: =J5-E5 -> -0.33333333 | H5: =M5-E5 -> -0.33333333 | I5: =P5-E5 -> 0.66666667 | J5: 142 | K5: 46.600006 | L5: a | M5: 142 | N5: 43.600006 | O5: b | P5: 143 | Q5: 45.600006 | R5: c | T5: 262 | U5: 23.600006 | V5: a | W5: 261 | X5: 37.600006 | Y5: b | Z5: 264 | AA5: 29.600006 | AB5: c | AC5: =AC4 -> 350 | AD5: =AD4 -> 350 | AE5: =AE4 -> 262.33333 | AF5: =AF4+2 -> 24.600006 | AG5: =AE5-T5 -> 0.33333333 | AH5: =AE5-W5 -> 1.3333333 | AI5: =AE5-Z5 -> -1.6666667
A6: 3 | B6: =A6*0.03 -> 0.09 | C6: =C5 -> 50 | D6: =D5 -> 300 | E6: =E5 -> 142.33333 | F6: =F5+1 -> 44.600006 | G6: =J6-E6 -> -0.33333333 | H6: =M6-E6 -> -0.33333333 | I6: =P6-E6 -> 0.66666667 | J6: 142 | K6: 48.600006 | L6: a | M6: 142 | N6: 44.600006 | O6: b | P6: 143 | Q6: 46.600006 | R6: c | T6: 262 | U6: 24.600006 | V6: a | W6: 261 | X6: 37.600006 | Y6: b | Z6: 264 | AA6: 30.600006 | AB6: c | AC6: =AC5 -> 350 | AD6: =AD5 -> 350 | AE6: =AE5 -> 262.33333 | AF6: =AF5+2 -> 26.600006 | AG6: =AE6-T6 -> 0.33333333 | AH6: =AE6-W6 -> 1.3333333 | AI6: =AE6-Z6 -> -1.6666667
A7: 4 | B7: =A7*0.03 -> 0.12 | C7: =C6 -> 50 | D7: =D6 -> 300 | E7: =E6 -> 142.33333 | F7: =F6+1 -> 45.600006 | G7: =J7-E7 -> -0.33333333 | H7: =M7-E7 -> -0.33333333 | I7: =P7-E7 -> 0.66666667 | J7: 142 | K7: 49.600006 | L7: a | M7: 142 | N7: 45.600006 | O7: b | P7: 143 | Q7: 47.600006 | R7: c | T7: 262 | U7: 25.600006 | V7: a | W7: 261 | X7: 38.600006 | Y7: b | Z7: 264 | AA7: 33.600006 | AB7: c | AC7: =AC6 -> 350 | AD7: =AD6 -> 350 | AE7: =AE6 -> 262.33333 | AF7: =AF6+2 -> 28.600006 | AG7: =AE7-T7 -> 0.33333333 | AH7: =AE7-W7 -> 1.3333333 | AI7: =AE7-Z7 -> -1.6666667
A8: 5 | B8: =A8*0.03 -> 0.15 | C8: =C7 -> 50 | D8: =D7 -> 300 | E8: =E7 -> 142.33333 | F8: =F7+1 -> 46.600006 | G8: =J8-E8 -> -0.33333333 | H8: =M8-E8 -> -0.33333333 | I8: =P8-E8 -> 0.66666667 | J8: 142 | K8: 50.600006 | L8: a | M8: 142 | N8: 46.600006 | O8: b | P8: 143 | Q8: 48.600006 | R8: c | T8: 262 | U8: 25.600006 | V8: a | W8: 261 | X8: 39.600006 | Y8: b | Z8: 264 | AA8: 34.600006 | AB8: c | AC8: =AC7 -> 350 | AD8: =AD7 -> 350 | AE8: =AE7 -> 262.33333 | AF8: =AF7+2 -> 30.600006 | AG8: =AE8-T8 -> 0.33333333 | AH8: =AE8-W8 -> 1.3333333 | AI8: =AE8-Z8 -> -1.6666667
A9: 6 | B9: =A9*0.03 -> 0.18 | C9: =C8 -> 50 | D9: =D8 -> 300 | E9: =E8 -> 142.33333 | F9: =F8+1 -> 47.600006 | G9: =J9-E9 -> -0.33333333 | H9: =M9-E9 -> -0.33333333 | I9: =P9-E9 -> 0.66666667 | J9: 142 | K9: 52.600006 | L9: a | M9: 142 | N9: 47.600006 | O9: b | P9: 143 | Q9: 49.600006 | R9: c | T9: 262 | U9: 26.600006 | V9: a | W9: 261 | X9: 40.600006 | Y9: b | Z9: 264 | AA9: 36.600006 | AB9: c | AC9: =AC8 -> 350 | AD9: =AD8 -> 350 | AE9: =AE8 -> 262.33333 | AF9: =AF8+2 -> 32.600006 | AG9: =AE9-T9 -> 0.33333333 | AH9: =AE9-W9 -> 1.3333333 | AI9: =AE9-Z9 -> -1.6666667
A10: 7 | B10: =A10*0.03 -> 0.21 | C10: =C9 -> 50 | D10: =D9 -> 300 | E10: =E9 -> 142.33333 | F10: =F9+1 -> 48.600006 | G10: =J10-E10 -> -0.33333333 | H10: =M10-E10 -> -0.33333333 | I10: =P10-E10 -> 0.66666667 | J10: 142 | K10: 53.600006 | L10: a | M10: 142 | N10: 48.600006 | O10: b | P10: 143 | Q10: 49.600006 | R10: c | T10: 262 | U10: 27.600006 | V10: a | W10: 261 | X10: 41.600006 | Y10: b | Z10: 264 | AA10: 37.600006 | AB10: c | AC10: =AC9 -> 350 | AD10: =AD9 -> 350 | AE10: =AE9 -> 262.33333 | AF10: =AF9+2 -> 34.600006 | AG10: =AE10-T10 -> 0.33333333 | AH10: =AE10-W10 -> 1.3333333 | AI10: =AE10-Z10 -> -1.6666667
A11: 8 | B11: =A11*0.03 -> 0.24 | C11: =C10 -> 50 | D11: =D10 -> 300 | E11: =E10 -> 142.33333 | F11: =F10+1 -> 49.600006 | G11: =J11-E11 -> -0.33333333 | H11: =M11-E11 -> -0.33333333 | I11: =P11-E11 -> 0.66666667 | J11: 142 | K11: 55.600006 | L11: a | M11: 142 | N11: 49.600006 | O11: b | P11: 143 | Q11: 50.600006 | R11: c | T11: 262 | U11: 28.600006 | V11: a | W11: 261 | X11: 41.600006 | Y11: b | Z11: 264 | AA11: 40.600006 | AB11: c | AC11: =AC10 -> 350 | AD11: =AD10 -> 350 | AE11: =AE10 -> 262.33333 | AF11: =AF10+2 -> 36.600006 | AG11: =AE11-T11 -> 0.33333333 | AH11: =AE11-W11 -> 1.3333333 | AI11: =AE11-Z11 -> -1.6666667
A12: 9 | B12: =A12*0.03 -> 0.27 | C12: =C11 -> 50 | D12: =D11 -> 300 | E12: =E11 -> 142.33333 | F12: =F11+1 -> 50.600006 | G12: =J12-E12 -> -0.33333333 | H12: =M12-E12 -> -0.33333333 | I12: =P12-E12 -> 1.6666667 | J12: 142 | K12: 56.600006 | L12: a | M12: 142 | N12: 49.600006 | O12: b | P12: 144 | Q12: 50.600006 | R12: c | T12: 262 | U12: 29.600006 | V12: a | W12: 261 | X12: 42.600006 | Y12: b | Z12: 264 | AA12: 41.600006 | AB12: c | AC12: =AC11 -> 350 | AD12: =AD11 -> 350 | AE12: =AE11 -> 262.33333 | AF12: =AF11+2 -> 38.600006 | AG12: =AE12-T12 -> 0.33333333 | AH12: =AE12-W12 -> 1.3333333 | AI12: =AE12-Z12 -> -1.6666667
A13: 10 | B13: =A13*0.03 -> 0.3 | C13: =C12 -> 50 | D13: =D12 -> 300 | E13: =E12 -> 142.33333 | F13: =F12+1 -> 51.600006 | G13: =J13-E13 -> -0.33333333 | H13: =M13-E13 -> -0.33333333 | I13: =P13-E13 -> 1.6666667 | J13: 142 | K13: 57.600006 | L13: a | M13: 142 | N13: 50.600006 | O13: b | P13: 144 | Q13: 51.600006 | R13: c | T13: 262 | U13: 30.600006 | V13: a | W13: 261 | X13: 43.600006 | Y13: b | Z13: 264 | AA13: 43.600006 | AB13: c | AC13: =AC12 -> 350 | AD13: =AD12 -> 350 | AE13: =AE12 -> 262.33333 | AF13: =AF12+2 -> 40.600006 | AG13: =AE13-T13 -> 0.33333333 | AH13: =AE13-W13 -> 1.3333333 | AI13: =AE13-Z13 -> -1.6666667
A14: 11 | B14: =A14*0.03 -> 0.33 | C14: =C13 -> 50 | D14: =D13 -> 300 | E14: =E13 -> 142.33333 | F14: =F13+1 -> 52.600006 | G14: =J14-E14 -> -0.33333333 | H14: =M14-E14 -> -0.33333333 | I14: =P14-E14 -> 2.6666667 | J14: 142 | K14: 57.600006 | L14: a | M14: 142 | N14: 52.600006 | O14: b | P14: 145 | Q14: 52.600006 | R14: c | T14: 262 | U14: 31.600006 | V14: a | W14: 261 | X14: 44.600006 | Y14: b | Z14: 264 | AA14: 45.600006 | AB14: c | AC14: =AC13 -> 350 | AD14: =AD13 -> 350 | AE14: =AE13 -> 262.33333 | AF14: =AF13+2 -> 42.600006 | AG14: =AE14-T14 -> 0.33333333 | AH14: =AE14-W14 -> 1.3333333 | AI14: =AE14-Z14 -> -1.6666667
A15: 12 | B15: =A15*0.03 -> 0.36 | C15: =C14 -> 50 | D15: =D14 -> 300 | E15: =E14 -> 142.33333 | F15: =F14+1 -> 53.600006 | G15: =J15-E15 -> -0.33333333 | H15: =M15-E15 -> -0.33333333 | I15: =P15-E15 -> 2.6666667 | J15: 142 | K15: 58.600006 | L15: a | M15: 142 | N15: 53.600006 | O15: b | P15: 145 | Q15: 53.600006 | R15: c | T15: 262 | U15: 33.600006 | V15: a | W15: 261 | X15: 45.600006 | Y15: b | Z15: 264 | AA15: 46.600006 | AB15: c | AC15: =AC14 -> 350 | AD15: =AD14 -> 350 | AE15: =AE14 -> 262.33333 | AF15: =AF14+2 -> 44.600006 | AG15: =AE15-T15 -> 0.33333333 | AH15: =AE15-W15 -> 1.3333333 | AI15: =AE15-Z15 -> -1.6666667
A16: 13 | B16: =A16*0.03 -> 0.39 | C16: =C15 -> 50 | D16: =D15 -> 300 | E16: =E15 -> 142.33333 | F16: =F15+1 -> 54.600006 | G16: =J16-E16 -> -0.33333333 | H16: =M16-E16 -> -0.33333333 | I16: =P16-E16 -> 2.6666667 | J16: 142 | K16: 59.600006 | L16: a | M16: 142 | N16: 53.600006 | O16: b | P16: 145 | Q16: 53.600006 | R16: c | T16: 262 | U16: 33.600006 | V16: a | W16: 261 | X16: 47.600006 | Y16: b | Z16: 264 | AA16: 48.600006 | AB16: c | AC16: =AC15 -> 350 | AD16: =AD15 -> 350 | AE16: =AE15 -> 262.33333 | AF16: =AF15+2 -> 46.600006 | AG16: =AE16-T16 -> 0.33333333 | AH16: =AE16-W16 -> 1.3333333 | AI16: =AE16-Z16 -> -1.6666667
... A361: 358 | B361: =A361*0.03 -> 10.74 | C361: =C360 -> 50 | D361: =D360 -> 300 | E361: =E360 -> 142.33333 | F361: =F360+1 -> 399.60001 | G361: =J361-E361 -> 86.666667 | H361: =M361-E361 -> 89.666667 | I361: =P361-E361 -> 70.666667 | J361: 229 | K361: 466.6 | L361: a | M361: 232 | N361: 344.60001 | O361: b | P361: 213 | Q361: 472.6 | R361: c | T361: 196 | U361: 489.6 | V361: a | W361: 170 | X361: 479.6 | Y361: b | Z361: 209 | AA361: 488.6 | AB361: c | AC361: =AC360 -> 350 | AD361: =AD360 -> 350 | AE361: =AE360 -> 262.33333 | AF361: =AF360+2 -> 736.60001 | AG361: =AE361-T361 -> 66.333333 | AH361: =AE361-W361 -> 92.333333 | AI361: =AE361-Z361 -> 53.333333
A362: 359 | B362: =A362*0.03 -> 10.77 | C362: =C361 -> 50 | D362: =D361 -> 300 | E362: =E361 -> 142.33333 | F362: =F361+1 -> 400.60001 | G362: =J362-E362 -> 86.666667 | H362: =M362-E362 -> 89.666667 | I362: =P362-E362 -> 70.666667 | J362: 229 | K362: 468.6 | L362: a | M362: 232 | N362: 345.60001 | O362: b | P362: 213 | Q362: 473.6 | R362: c | T362: 196 | U362: 490.6 | V362: a | W362: 170 | X362: 480.6 | Y362: b | AC362: =AC361 -> 350 | AD362: =AD361 -> 350 | AE362: =AE361 -> 262.33333 | AF362: =AF361+2 -> 738.60001 | AG362: =AE362-T362 -> 66.333333 | AH362: =AE362-W362 -> 92.333333
A363: 360 | B363: =A363*0.03 -> 10.8 | C363: =C362 -> 50 | D363: =D362 -> 300 | E363: =E362 -> 142.33333 | F363: =F362+1 -> 401.60001 | G363: =J363-E363 -> 86.666667 | H363: =M363-E363 -> 89.666667 | I363: =P363-E363 -> 70.666667 | J363: 229 | K363: 469.6 | L363: a | M363: 232 | N363: 345.60001 | O363: b | P363: 213 | Q363: 473.6 | R363: c | T363: 196 | U363: 491.6 | V363: a | W363: 170 | X363: 481.6 | Y363: b | AC363: =AC362 -> 350 | AD363: =AD362 -> 350 | AE363: =AE362 -> 262.33333 | AF363: =AF362+2 -> 740.60001 | AG363: =AE363-T363 -> 66.333333 | AH363: =AE363-W363 -> 92.333333
A364: 361 | B364: =A364*0.03 -> 10.83 | C364: =C363 -> 50 | D364: =D363 -> 300 | E364: =E363 -> 142.33333 | F364: =F363+1 -> 402.60001 | G364: =J364-E364 -> 86.666667 | H364: =M364-E364 -> 89.666667 | I364: =P364-E364 -> 70.666667 | J364: 229 | K364: 470.6 | L364: a | M364: 232 | N364: 347.60001 | O364: b | P364: 213 | Q364: 474.6 | R364: c | T364: 196 | U364: 492.6 | V364: a | W364: 170 | X364: 481.6 | Y364: b | AC364: =AC363 -> 350 | AD364: =AD363 -> 350 | AE364: =AE363 -> 262.33333 | AF364: =AF363+2 -> 742.60001 | AG364: =AE364-T364 -> 66.333333 | AH364: =AE364-W364 -> 92.333333
A365: 362 | B365: =A365*0.03 -> 10.86 | C365: =C364 -> 50 | D365: =D364 -> 300 | E365: =E364 -> 142.33333 | F365: =F364+1 -> 403.60001 | G365: =J365-E365 -> 86.666667 | H365: =M365-E365 -> 89.666667 | I365: =P365-E365 -> 70.666667 | J365: 229 | K365: 471.6 | L365: a | M365: 232 | N365: 348.60001 | O365: b | P365: 213 | Q365: 475.6 | R365: c | T365: 196 | U365: 493.6 | V365: a | W365: 170 | X365: 482.6 | Y365: b | AC365: =AC364 -> 350 | AD365: =AD364 -> 350 | AE365: =AE364 -> 262.33333 | AF365: =AF364+2 -> 744.60001 | AG365: =AE365-T365 -> 66.333333 | AH365: =AE365-W365 -> 92.333333
A366: 363 | B366: =A366*0.03 -> 10.89 | C366: =C365 -> 50 | D366: =D365 -> 300 | E366: =E365 -> 142.33333 | F366: =F365+1 -> 404.60001 | G366: =J366-E366 -> 86.666667 | H366: =M366-E366 -> 90.666667 | I366: =P366-E366 -> 69.666667 | J366: 229 | K366: 473.6 | L366: a | M366: 233 | N366: 349.60001 | O366: b | P366: 212 | Q366: 475.6 | R366: c | T366: 196 | U366: 493.6 | V366: a | W366: 170 | X366: 483.6 | Y366: b | AC366: =AC365 -> 350 | AD366: =AD365 -> 350 | AE366: =AE365 -> 262.33333 | AF366: =AF365+2 -> 746.60001 | AG366: =AE366-T366 -> 66.333333 | AH366: =AE366-W366 -> 92.333333
A367: 364 | B367: =A367*0.03 -> 10.92 | C367: =C366 -> 50 | D367: =D366 -> 300 | E367: =E366 -> 142.33333 | F367: =F366+1 -> 405.60001 | G367: =J367-E367 -> 86.666667 | H367: =M367-E367 -> 90.666667 | I367: =P367-E367 -> 69.666667 | J367: 229 | K367: 473.6 | L367: a | M367: 233 | N367: 349.60001 | O367: b | P367: 212 | Q367: 476.6 | R367: c | W367: 170 | X367: 484.6 | Y367: b | AC367: =AC366 -> 350 | AD367: =AD366 -> 350 | AE367: =AE366 -> 262.33333 | AF367: =AF366+2 -> 748.60001 | AH367: =AE367-W367 -> 92.333333
A368: 365 | B368: =A368*0.03 -> 10.95 | C368: =C367 -> 50 | D368: =D367 -> 300 | E368: =E367 -> 142.33333 | F368: =F367+1 -> 406.60001 | G368: =J368-E368 -> 86.666667 | H368: =M368-E368 -> 90.666667 | J368: 229 | K368: 474.6 | L368: a | M368: 233 | N368: 350.60001 | O368: b | W368: 170 | X368: 485.6 | Y368: b | AC368: =AC367 -> 350 | AD368: =AD367 -> 350 | AE368: =AE367 -> 262.33333 | AF368: =AF367+2 -> 750.60001 | AH368: =AE368-W368 -> 92.333333
A369: 366 | B369: =A369*0.03 -> 10.98 | C369: =C368 -> 50 | D369: =D368 -> 300 | E369: =E368 -> 142.33333 | F369: =F368+1 -> 407.60001 | H369: =M369-E369 -> 90.666667 | M369: 233 | N369: 351.60001 | O369: b
A370: 367 | B370: =A370*0.03 -> 11.01 | C370: =C369 -> 50 | D370: =D369 -> 300 | E370: =E369 -> 142.33333 | F370: =F369+1 -> 408.60001 | H370: =M370-E370 -> 90.666667 | M370: 233 | N370: 352.60001 | O370: b
A371: 368 | B371: =A371*0.03 -> 11.04 | C371: =C370 -> 50 | D371: =D370 -> 300 | E371: =E370 -> 142.33333 | F371: =F370+1 -> 409.60001 | H371: =M371-E371 -> 90.666667 | M371: 233 | N371: 353.60001 | O371: b
A372: 369 | B372: =A372*0.03 -> 11.07 | C372: =C371 -> 50 | D372: =D371 -> 300 | E372: =E371 -> 142.33333 | F372: =F371+1 -> 410.60001 | H372: =M372-E372 -> 90.666667 | M372: 233 | N372: 353.60001 | O372: b
A373: 370 | B373: =A373*0.03 -> 11.1 | C373: =C372 -> 50 | D373: =D372 -> 300 | E373: =E372 -> 142.33333 | F373: =F372+1 -> 411.60001 | H373: =M373-E373 -> 90.666667 | M373: 233 | N373: 354.60001 | O373: b
A374: 371 | B374: =A374*0.03 -> 11.13 | C374: =C373 -> 50 | D374: =D373 -> 300 | E374: =E373 -> 142.33333 | F374: =F373+1 -> 412.60001 | H374: =M374-E374 -> 90.666667 | M374: 233 | N374: 355.60001 | O374: b
A375: 372 | B375: =A375*0.03 -> 11.16 | C375: =C374 -> 50 | D375: =D374 -> 300 | E375: =E374 -> 142.33333 | F375: =F374+1 -> 413.60001 | H375: =M375-E375 -> 90.666667 | M375: 233 | N375: 356.60001 | O375: b
A376: 373 | B376: =A376*0.03 -> 11.19 | C376: =C375 -> 50 | D376: =D375 -> 300 | E376: =E375 -> 142.33333 | F376: =F375+1 -> 414.60001 | H376: =M376-E376 -> 90.666667 | M376: 233 | N376: 357.60001 | O376: b
A377: 374 | B377: =A377*0.03 -> 11.22 | C377: =C376 -> 50 | D377: =D376 -> 300 | E377: =E376 -> 142.33333 | F377: =F376+1 -> 415.60001 | H377: =M377-E377 -> 90.666667 | M377: 233 | N377: 357.60001 | O377: b
A378: 375 | B378: =A378*0.03 -> 11.25 | C378: =C377 -> 50 | D378: =D377 -> 300 | E378: =E377 -> 142.33333 | F378: =F377+1 -> 416.60001 | H378: =M378-E378 -> 90.666667 | M378: 233 | N378: 358.60001 | O378: b
A379: 376 | B379: =A379*0.03 -> 11.28 | C379: =C378 -> 50 | D379: =D378 -> 300 | E379: =E378 -> 142.33333 | F379: =F378+1 -> 417.60001 | H379: =M379-E379 -> 91.666667 | M379: 234 | N379: 359.60001 | O379: b
A380: 377 | B380: =A380*0.03 -> 11.31 | C380: =C379 -> 50 | D380: =D379 -> 300 | E380: =E379 -> 142.33333 | F380: =F379+1 -> 418.60001 | H380: =M380-E380 -> 91.666667 | M380: 234 | N380: 360.60001 | O380: b
... A485: 482 | B485: =A485*0.03 -> 14.46 | C485: =C484 -> 50 | D485: =D484 -> 300 | E485: =E484 -> 142.33333 | F485: =F484+1 -> 523.60001 | H485: =M485-E485 -> 77.666667 | M485: 220 | N485: 473.6 | O485: b

Sheet 40
G1: Max1 | H1: Max2 | I1: Max 3 | J1: Kiri | AG1: Max1 | AH1: Max2 | AI1: Max 3
G2: =MAX(G4:G485) -> 71 | H2: =MAX(H4:H485) -> 68 | I2: =MAX(I4:I485) -> 72 | AG2: =MAX(AG4:AG485) -> 73.333333 | AH2: =MAX(AH4:AH485) -> 75.333333 | AI2: =MAX(AI4:AI485) -> 71.333333
B3: t | C3: gangg x | D3: gangg y | E3: Ux | F3: Uy | G3: Simpangan 1 | H3: Simpangan 2 | I3: Simpangan 3 | J3: x | K3: y | L3: z | T3: x | U3: y | V3: z | AC3: gangg x | AD3: gangg y | AE3: Ux | AF3: Uy | AG3: Simpangan 1 | AH3: Simpangan 2 | AI3: Simpangan 3
A4: 1 | B4: =A4*0.03 -> 0.03 | C4: =50 -> 50 | D4: 300 | E4: =AVERAGE(J4,M4,P4) -> 153 | F4: =MIN(K4,N4,Q4) -> 43.600006 | G4: =J4-E4 -> -2 | H4: =M4-E4 -> 0 | I4: =P4-E4 -> 2 | J4: 151 | K4: 44.600006 | L4: a | M4: 153 | N4: 43.600006 | O4: b | P4: 155 | Q4: 43.600006 | R4: c | T4: 253 | U4: 33.600006 | V4: a | W4: 250 | X4: 33.600006 | Y4: b | Z4: 254 | AA4: 33.600006 | AB4: c | AC4: =350 -> 350 | AD4: 300 | AE4: =AVERAGE(T4,W4,Z4) -> 252.33333 | AF4: =MIN(U4,X4,AA4) -> 33.600006 | AG4: =AE4-T4 -> -0.66666667 | AH4: =AE4-W4 -> 2.3333333 | AI4: =AE4-Z4 -> -1.6666667
A5: 2 | B5: =A5*0.03 -> 0.06 | C5: =C4 -> 50 | D5: =D4 -> 300 | E5: =E4 -> 153 | F5: =F4+1 -> 44.600006 | G5: =J5-E5 -> -2 | H5: =M5-E5 -> 0 | I5: =P5-E5 -> 2 | J5: 151 | K5: 45.600006 | L5: a | M5: 153 | N5: 45.600006 | O5: b | P5: 155 | Q5: 45.600006 | R5: c | T5: 253 | U5: 33.600006 | V5: a | W5: 250 | X5: 34.600006 | Y5: b | Z5: 254 | AA5: 34.600006 | AB5: c | AC5: =AC4 -> 350 | AD5: =AD4 -> 300 | AE5: =AE4 -> 252.33333 | AF5: =AF4+2 -> 35.600006 | AG5: =AE5-T5 -> -0.66666667 | AH5: =AE5-W5 -> 2.3333333 | AI5: =AE5-Z5 -> -1.6666667
A6: 3 | B6: =A6*0.03 -> 0.09 | C6: =C5 -> 50 | D6: =D5 -> 300 | E6: =E5 -> 153 | F6: =F5+1 -> 45.600006 | G6: =J6-E6 -> -2 | H6: =M6-E6 -> 0 | I6: =P6-E6 -> 2 | J6: 151 | K6: 45.600006 | L6: a | M6: 153 | N6: 45.600006 | O6: b | P6: 155 | Q6: 48.600006 | R6: c | T6: 253 | U6: 35.600006 | V6: a | W6: 250 | X6: 35.600006 | Y6: b | Z6: 254 | AA6: 36.600006 | AB6: c | AC6: =AC5 -> 350 | AD6: =AD5 -> 300 | AE6: =AE5 -> 252.33333 | AF6: =AF5+2 -> 37.600006 | AG6: =AE6-T6 -> -0.66666667 | AH6: =AE6-W6 -> 2.3333333 | AI6: =AE6-Z6 -> -1.6666667
A7: 4 | B7: =A7*0.03 -> 0.12 | C7: =C6 -> 50 | D7: =D6 -> 300 | E7: =E6 -> 153 | F7: =F6+1 -> 46.600006 | G7: =J7-E7 -> -1 | H7: =M7-E7 -> 0 | I7: =P7-E7 -> 1 | J7: 152 | K7: 46.600006 | L7: a | M7: 153 | N7: 46.600006 | O7: b | P7: 154 | Q7: 51.600006 | R7: c | T7: 253 | U7: 37.600006 | V7: a | W7: 250 | X7: 37.600006 | Y7: b | Z7: 254 | AA7: 37.600006 | AB7: c | AC7: =AC6 -> 350 | AD7: =AD6 -> 300 | AE7: =AE6 -> 252.33333 | AF7: =AF6+2 -> 39.600006 | AG7: =AE7-T7 -> -0.66666667 | AH7: =AE7-W7 -> 2.3333333 | AI7: =AE7-Z7 -> -1.6666667
A8: 5 | B8: =A8*0.03 -> 0.15 | C8: =C7 -> 50 | D8: =D7 -> 300 | E8: =E7 -> 153 | F8: =F7+1 -> 47.600006 | G8: =J8-E8 -> -1 | H8: =M8-E8 -> 0 | I8: =P8-E8 -> 1 | J8: 152 | K8: 47.600006 | L8: a | M8: 153 | N8: 47.600006 | O8: b | P8: 154 | Q8: 53.600006 | R8: c | T8: 253 | U8: 39.600006 | V8: a | W8: 250 | X8: 37.600006 | Y8: b | Z8: 254 | AA8: 37.600006 | AB8: c | AC8: =AC7 -> 350 | AD8: =AD7 -> 300 | AE8: =AE7 -> 252.33333 | AF8: =AF7+2 -> 41.600006 | AG8: =AE8-T8 -> -0.66666667 | AH8: =AE8-W8 -> 2.3333333 | AI8: =AE8-Z8 -> -1.6666667
A9: 6 | B9: =A9*0.03 -> 0.18 | C9: =C8 -> 50 | D9: =D8 -> 300 | E9: =E8 -> 153 | F9: =F8+1 -> 48.600006 | G9: =J9-E9 -> -1 | H9: =M9-E9 -> 0 | I9: =P9-E9 -> 1 | J9: 152 | K9: 48.600006 | L9: a | M9: 153 | N9: 48.600006 | O9: b | P9: 154 | Q9: 54.600006 | R9: c | T9: 253 | U9: 40.600006 | V9: a | W9: 250 | X9: 40.600006 | Y9: b | Z9: 254 | AA9: 38.600006 | AB9: c | AC9: =AC8 -> 350 | AD9: =AD8 -> 300 | AE9: =AE8 -> 252.33333 | AF9: =AF8+2 -> 43.600006 | AG9: =AE9-T9 -> -0.66666667 | AH9: =AE9-W9 -> 2.3333333 | AI9: =AE9-Z9 -> -1.6666667
A10: 7 | B10: =A10*0.03 -> 0.21 | C10: =C9 -> 50 | D10: =D9 -> 300 | E10: =E9 -> 153 | F10: =F9+1 -> 49.600006 | G10: =J10-E10 -> -1 | H10: =M10-E10 -> 0 | I10: =P10-E10 -> 1 | J10: 152 | K10: 49.600006 | L10: a | M10: 153 | N10: 49.600006 | O10: b | P10: 154 | Q10: 56.600006 | R10: c | T10: 253 | U10: 42.600006 | V10: a | W10: 250 | X10: 41.600006 | Y10: b | Z10: 254 | AA10: 40.600006 | AB10: c | AC10: =AC9 -> 350 | AD10: =AD9 -> 300 | AE10: =AE9 -> 252.33333 | AF10: =AF9+2 -> 45.600006 | AG10: =AE10-T10 -> -0.66666667 | AH10: =AE10-W10 -> 2.3333333 | AI10: =AE10-Z10 -> -1.6666667
A11: 8 | B11: =A11*0.03 -> 0.24 | C11: =C10 -> 50 | D11: =D10 -> 300 | E11: =E10 -> 153 | F11: =F10+1 -> 50.600006 | G11: =J11-E11 -> -1 | H11: =M11-E11 -> 0 | I11: =P11-E11 -> 1 | J11: 152 | K11: 49.600006 | L11: a | M11: 153 | N11: 49.600006 | O11: b | P11: 154 | Q11: 57.600006 | R11: c | T11: 253 | U11: 45.600006 | V11: a | W11: 250 | X11: 42.600006 | Y11: b | Z11: 254 | AA11: 41.600006 | AB11: c | AC11: =AC10 -> 350 | AD11: =AD10 -> 300 | AE11: =AE10 -> 252.33333 | AF11: =AF10+2 -> 47.600006 | AG11: =AE11-T11 -> -0.66666667 | AH11: =AE11-W11 -> 2.3333333 | AI11: =AE11-Z11 -> -1.6666667
A12: 9 | B12: =A12*0.03 -> 0.27 | C12: =C11 -> 50 | D12: =D11 -> 300 | E12: =E11 -> 153 | F12: =F11+1 -> 51.600006 | G12: =J12-E12 -> -1 | H12: =M12-E12 -> 0 | I12: =P12-E12 -> 1 | J12: 152 | K12: 50.600006 | L12: a | M12: 153 | N12: 50.600006 | O12: b | P12: 154 | Q12: 58.600006 | R12: c | T12: 254 | U12: 45.600006 | V12: a | W12: 250 | X12: 43.600006 | Y12: b | Z12: 254 | AA12: 41.600006 | AB12: c | AC12: =AC11 -> 350 | AD12: =AD11 -> 300 | AE12: =AE11 -> 252.33333 | AF12: =AF11+2 -> 49.600006 | AG12: =AE12-T12 -> -1.6666667 | AH12: =AE12-W12 -> 2.3333333 | AI12: =AE12-Z12 -> -1.6666667
A13: 10 | B13: =A13*0.03 -> 0.3 | C13: =C12 -> 50 | D13: =D12 -> 300 | E13: =E12 -> 153 | F13: =F12+1 -> 52.600006 | G13: =J13-E13 -> 0 | H13: =M13-E13 -> 0 | I13: =P13-E13 -> 0 | J13: 153 | K13: 51.600006 | L13: a | M13: 153 | N13: 51.600006 | O13: b | P13: 153 | Q13: 60.600006 | R13: c | T13: 254 | U13: 46.600006 | V13: a | W13: 250 | X13: 44.600006 | Y13: b | Z13: 255 | AA13: 44.600006 | AB13: c | AC13: =AC12 -> 350 | AD13: =AD12 -> 300 | AE13: =AE12 -> 252.33333 | AF13: =AF12+2 -> 51.600006 | AG13: =AE13-T13 -> -1.6666667 | AH13: =AE13-W13 -> 2.3333333 | AI13: =AE13-Z13 -> -2.6666667
A14: 11 | B14: =A14*0.03 -> 0.33 | C14: =C13 -> 50 | D14: =D13 -> 300 | E14: =E13 -> 153 | F14: =F13+1 -> 53.600006 | G14: =J14-E14 -> 0 | H14: =M14-E14 -> 0 | I14: =P14-E14 -> 0 | J14: 153 | K14: 52.600006 | L14: a | M14: 153 | N14: 52.600006 | O14: b | P14: 153 | Q14: 61.600006 | R14: c | T14: 254 | U14: 47.600006 | V14: a | W14: 250 | X14: 45.600006 | Y14: b | Z14: 256 | AA14: 46.600006 | AB14: c | AC14: =AC13 -> 350 | AD14: =AD13 -> 300 | AE14: =AE13 -> 252.33333 | AF14: =AF13+2 -> 53.600006 | AG14: =AE14-T14 -> -1.6666667 | AH14: =AE14-W14 -> 2.3333333 | AI14: =AE14-Z14 -> -3.6666667
A15: 12 | B15: =A15*0.03 -> 0.36 | C15: =C14 -> 50 | D15: =D14 -> 300 | E15: =E14 -> 153 | F15: =F14+1 -> 54.600006 | G15: =J15-E15 -> 0 | H15: =M15-E15 -> 0 | I15: =P15-E15 -> 0 | J15: 153 | K15: 53.600006 | L15: a | M15: 153 | N15: 53.600006 | O15: b | P15: 153 | Q15: 62.600006 | R15: c | T15: 254 | U15: 48.600006 | V15: a | W15: 250 | X15: 45.600006 | Y15: b | Z15: 256 | AA15: 47.600006 | AB15: c | AC15: =AC14 -> 350 | AD15: =AD14 -> 300 | AE15: =AE14 -> 252.33333 | AF15: =AF14+2 -> 55.600006 | AG15: =AE15-T15 -> -1.6666667 | AH15: =AE15-W15 -> 2.3333333 | AI15: =AE15-Z15 -> -3.6666667
A16: 13 | B16: =A16*0.03 -> 0.39 | C16: =C15 -> 50 | D16: =D15 -> 300 | E16: =E15 -> 153 | F16: =F15+1 -> 55.600006 | G16: =J16-E16 -> 0 | H16: =M16-E16 -> 0 | I16: =P16-E16 -> 0 | J16: 153 | K16: 54.600006 | L16: a | M16: 153 | N16: 53.600006 | O16: b | P16: 153 | Q16: 64.600006 | R16: c | T16: 254 | U16: 49.600006 | V16: a | W16: 250 | X16: 46.600006 | Y16: b | Z16: 257 | AA16: 49.600006 | AB16: c | AC16: =AC15 -> 350 | AD16: =AD15 -> 300 | AE16: =AE15 -> 252.33333 | AF16: =AF15+2 -> 57.600006 | AG16: =AE16-T16 -> -1.6666667 | AH16: =AE16-W16 -> 2.3333333 | AI16: =AE16-Z16 -> -4.6666667
... A361: 358 | B361: =A361*0.03 -> 10.74 | C361: =C360 -> 50 | D361: =D360 -> 300 | E361: =E360 -> 153 | F361: =F360+1 -> 400.60001 | G361: =J361-E361 -> 64 | H361: =M361-E361 -> 49 | I361: =P361-E361 -> 72 | J361: 217 | K361: 416.60001 | L361: a | M361: 202 | N361: 416.60001 | O361: b | P361: 225 | Q361: 414.60001 | R361: c | T361: 206 | U361: 451.6 | V361: a | W361: 179 | X361: 333.60001 | Y361: b | Z361: 193 | AA361: 460.6 | AB361: c | AC361: =AC360 -> 350 | AD361: =AD360 -> 300 | AE361: =AE360 -> 252.33333 | AF361: =AF360+2 -> 747.60001 | AG361: =AE361-T361 -> 46.333333 | AH361: =AE361-W361 -> 73.333333 | AI361: =AE361-Z361 -> 59.333333
A362: 359 | B362: =A362*0.03 -> 10.77 | C362: =C361 -> 50 | D362: =D361 -> 300 | E362: =E361 -> 153 | F362: =F361+1 -> 401.60001 | G362: =J362-E362 -> 64 | H362: =M362-E362 -> 49 | I362: =P362-E362 -> 72 | J362: 217 | K362: 417.60001 | L362: a | M362: 202 | N362: 417.60001 | O362: b | P362: 225 | Q362: 417.60001 | R362: c | T362: 206 | U362: 453.6 | V362: a | W362: 179 | X362: 337.60001 | Y362: b | Z362: 193 | AA362: 461.6 | AB362: c | AC362: =AC361 -> 350 | AD362: =AD361 -> 300 | AE362: =AE361 -> 252.33333 | AF362: =AF361+2 -> 749.60001 | AG362: =AE362-T362 -> 46.333333 | AH362: =AE362-W362 -> 73.333333
A363: 360 | B363: =A363*0.03 -> 10.8 | C363: =C362 -> 50 | D363: =D362 -> 300 | E363: =E362 -> 153 | F363: =F362+1 -> 402.60001 | G363: =J363-E363 -> 63 | H363: =M363-E363 -> 49 | I363: =P363-E363 -> 72 | J363: 216 | K363: 418.60001 | L363: a | M363: 202 | N363: 417.60001 | O363: b | P363: 225 | Q363: 417.60001 | R363: c | T363: 206 | U363: 454.6 | V363: a | W363: 179 | X363: 341.60001 | Y363: b | Z363: 193 | AA363: 461.6 | AB363: c | AC363: =AC362 -> 350 | AD363: =AD362 -> 300 | AE363: =AE362 -> 252.33333 | AF363: =AF362+2 -> 751.60001 | AG363: =AE363-T363 -> 46.333333 | AH363: =AE363-W363 -> 73.333333
A364: 361 | B364: =A364*0.03 -> 10.83 | C364: =C363 -> 50 | D364: =D363 -> 300 | E364: =E363 -> 153 | F364: =F363+1 -> 403.60001 | G364: =J364-E364 -> 63 | H364: =M364-E364 -> 49 | I364: =P364-E364 -> 72 | J364: 216 | K364: 420.60001 | L364: a | M364: 202 | N364: 418.60001 | O364: b | P364: 225 | Q364: 418.60001 | R364: c | T364: 207 | U364: 456.6 | V364: a | W364: 179 | X364: 346.60001 | Y364: b | Z364: 193 | AA364: 462.6 | AB364: c | AC364: =AC363 -> 350 | AD364: =AD363 -> 300 | AE364: =AE363 -> 252.33333 | AF364: =AF363+2 -> 753.60001 | AG364: =AE364-T364 -> 45.333333 | AH364: =AE364-W364 -> 73.333333
A365: 362 | B365: =A365*0.03 -> 10.86 | C365: =C364 -> 50 | D365: =D364 -> 300 | E365: =E364 -> 153 | F365: =F364+1 -> 404.60001 | G365: =J365-E365 -> 62 | H365: =M365-E365 -> 49 | I365: =P365-E365 -> 72 | J365: 215 | K365: 421.60001 | L365: a | M365: 202 | N365: 420.60001 | O365: b | P365: 225 | Q365: 419.60001 | R365: c | T365: 207 | U365: 457.6 | V365: a | W365: 179 | X365: 351.60001 | Y365: b | Z365: 193 | AA365: 463.6 | AB365: c | AC365: =AC364 -> 350 | AD365: =AD364 -> 300 | AE365: =AE364 -> 252.33333 | AF365: =AF364+2 -> 755.60001 | AG365: =AE365-T365 -> 45.333333 | AH365: =AE365-W365 -> 73.333333
A366: 363 | B366: =A366*0.03 -> 10.89 | C366: =C365 -> 50 | D366: =D365 -> 300 | E366: =E365 -> 153 | F366: =F365+1 -> 405.60001 | G366: =J366-E366 -> 61 | H366: =M366-E366 -> 49 | I366: =P366-E366 -> 72 | J366: 214 | K366: 422.60001 | L366: a | M366: 202 | N366: 421.60001 | O366: b | P366: 225 | Q366: 421.60001 | R366: c | T366: 208 | U366: 459.6 | V366: a | W366: 179 | X366: 354.60001 | Y366: b | Z366: 193 | AA366: 464.6 | AB366: c | AC366: =AC365 -> 350 | AD366: =AD365 -> 300 | AE366: =AE365 -> 252.33333 | AF366: =AF365+2 -> 757.60001 | AG366: =AE366-T366 -> 44.333333 | AH366: =AE366-W366 -> 73.333333
A367: 364 | B367: =A367*0.03 -> 10.92 | C367: =C366 -> 50 | D367: =D366 -> 300 | E367: =E366 -> 153 | F367: =F366+1 -> 406.60001 | G367: =J367-E367 -> 60 | H367: =M367-E367 -> 49 | I367: =P367-E367 -> 72 | J367: 213 | K367: 423.60001 | L367: a | M367: 202 | N367: 421.60001 | O367: b | P367: 225 | Q367: 421.60001 | R367: c | T367: 209 | U367: 461.6 | V367: a | W367: 179 | X367: 357.60001 | Y367: b | Z367: 193 | AA367: 465.6 | AB367: c | AC367: =AC366 -> 350 | AD367: =AD366 -> 300 | AE367: =AE366 -> 252.33333 | AF367: =AF366+2 -> 759.60001 | AH367: =AE367-W367 -> 73.333333
A368: 365 | B368: =A368*0.03 -> 10.95 | C368: =C367 -> 50 | D368: =D367 -> 300 | E368: =E367 -> 153 | F368: =F367+1 -> 407.60001 | G368: =J368-E368 -> 60 | H368: =M368-E368 -> 49 | J368: 213 | K368: 424.60001 | L368: a | M368: 202 | N368: 422.60001 | O368: b | P368: 225 | Q368: 422.60001 | R368: c | T368: 209 | U368: 463.6 | V368: a | W368: 179 | X368: 359.60001 | Y368: b | Z368: 193 | AA368: 465.6 | AB368: c | AC368: =AC367 -> 350 | AD368: =AD367 -> 300 | AE368: =AE367 -> 252.33333 | AF368: =AF367+2 -> 761.60001 | AH368: =AE368-W368 -> 73.333333
A369: 366 | B369: =A369*0.03 -> 10.98 | C369: =C368 -> 50 | D369: =D368 -> 300 | E369: =E368 -> 153 | F369: =F368+1 -> 408.60001 | H369: =M369-E369 -> 49 | J369: 213 | K369: 425.60001 | L369: a | M369: 202 | N369: 423.60001 | O369: b | P369: 224 | Q369: 423.60001 | R369: c | T369: 210 | U369: 465.6 | V369: a | W369: 179 | X369: 361.60001 | Y369: b | Z369: 193 | AA369: 466.6 | AB369: c
A370: 367 | B370: =A370*0.03 -> 11.01 | C370: =C369 -> 50 | D370: =D369 -> 300 | E370: =E369 -> 153 | F370: =F369+1 -> 409.60001 | H370: =M370-E370 -> 49 | J370: 212 | K370: 425.60001 | L370: a | M370: 202 | N370: 425.60001 | O370: b | P370: 224 | Q370: 424.60001 | R370: c | T370: 211 | U370: 467.6 | V370: a | W370: 179 | X370: 362.60001 | Y370: b | Z370: 193 | AA370: 466.6 | AB370: c
A371: 368 | B371: =A371*0.03 -> 11.04 | C371: =C370 -> 50 | D371: =D370 -> 300 | E371: =E370 -> 153 | F371: =F370+1 -> 410.60001 | H371: =M371-E371 -> 50 | J371: 212 | K371: 426.60001 | L371: a | M371: 203 | N371: 425.60001 | O371: b | P371: 224 | Q371: 425.60001 | R371: c | T371: 212 | U371: 469.6 | V371: a | W371: 179 | X371: 364.60001 | Y371: b | Z371: 193 | AA371: 467.6 | AB371: c
A372: 369 | B372: =A372*0.03 -> 11.07 | C372: =C371 -> 50 | D372: =D371 -> 300 | E372: =E371 -> 153 | F372: =F371+1 -> 411.60001 | H372: =M372-E372 -> 50 | J372: 212 | K372: 427.60001 | L372: a | M372: 203 | N372: 426.60001 | O372: b | P372: 224 | Q372: 426.60001 | R372: c | T372: 213 | U372: 472.6 | V372: a | W372: 179 | X372: 365.60001 | Y372: b | Z372: 193 | AA372: 468.6 | AB372: c
A373: 370 | B373: =A373*0.03 -> 11.1 | C373: =C372 -> 50 | D373: =D372 -> 300 | E373: =E372 -> 153 | F373: =F372+1 -> 412.60001 | H373: =M373-E373 -> 50 | J373: 211 | K373: 427.60001 | L373: a | M373: 203 | N373: 427.60001 | O373: b | P373: 224 | Q373: 427.60001 | R373: c | T373: 213 | U373: 474.6 | V373: a | W373: 179 | X373: 366.60001 | Y373: b | Z373: 193 | AA373: 469.6 | AB373: c
A374: 371 | B374: =A374*0.03 -> 11.13 | C374: =C373 -> 50 | D374: =D373 -> 300 | E374: =E373 -> 153 | F374: =F373+1 -> 413.60001 | H374: =M374-E374 -> 50 | J374: 211 | K374: 428.60001 | L374: a | M374: 203 | N374: 429.60001 | O374: b | P374: 223 | Q374: 427.60001 | R374: c | T374: 213 | U374: 476.6 | V374: a | W374: 179 | X374: 368.60001 | Y374: b | Z374: 193 | AA374: 469.6 | AB374: c
A375: 372 | B375: =A375*0.03 -> 11.16 | C375: =C374 -> 50 | D375: =D374 -> 300 | E375: =E374 -> 153 | F375: =F374+1 -> 414.60001 | H375: =M375-E375 -> 50 | J375: 210 | K375: 429.60001 | L375: a | M375: 203 | N375: 430.60001 | O375: b | P375: 223 | Q375: 429.60001 | R375: c | T375: 214 | U375: 477.6 | V375: a | W375: 179 | X375: 369.60001 | Y375: b | Z375: 193 | AA375: 470.6 | AB375: c
A376: 373 | B376: =A376*0.03 -> 11.19 | C376: =C375 -> 50 | D376: =D375 -> 300 | E376: =E375 -> 153 | F376: =F375+1 -> 415.60001 | H376: =M376-E376 -> 51 | J376: 210 | K376: 429.60001 | L376: a | M376: 204 | N376: 431.60001 | O376: b | P376: 222 | Q376: 429.60001 | R376: c | T376: 214 | U376: 479.6 | V376: a | W376: 179 | X376: 369.60001 | Y376: b | Z376: 192 | AA376: 470.6 | AB376: c
A377: 374 | B377: =A377*0.03 -> 11.22 | C377: =C376 -> 50 | D377: =D376 -> 300 | E377: =E376 -> 153 | F377: =F376+1 -> 416.60001 | H377: =M377-E377 -> 51 | J377: 210 | K377: 430.60001 | L377: a | M377: 204 | N377: 433.60001 | O377: b | P377: 222 | Q377: 430.60001 | R377: c | T377: 214 | U377: 480.6 | V377: a | W377: 179 | X377: 371.60001 | Y377: b | Z377: 191 | AA377: 471.6 | AB377: c
A378: 375 | B378: =A378*0.03 -> 11.25 | C378: =C377 -> 50 | D378: =D377 -> 300 | E378: =E377 -> 153 | F378: =F377+1 -> 417.60001 | H378: =M378-E378 -> 51 | J378: 209 | K378: 431.60001 | L378: a | M378: 204 | N378: 433.60001 | O378: b | P378: 222 | Q378: 432.60001 | R378: c | T378: 214 | U378: 481.6 | V378: a | W378: 179 | X378: 373.60001 | Y378: b | Z378: 191 | AA378: 472.6 | AB378: c
A379: 376 | B379: =A379*0.03 -> 11.28 | C379: =C378 -> 50 | D379: =D378 -> 300 | E379: =E378 -> 153 | F379: =F378+1 -> 418.60001 | H379: =M379-E379 -> 51 | J379: 209 | K379: 433.60001 | L379: a | M379: 204 | N379: 434.60001 | O379: b | P379: 222 | Q379: 433.60001 | R379: c | T379: 214 | U379: 481.6 | V379: a | W379: 179 | X379: 373.60001 | Y379: b | Z379: 191 | AA379: 473.6 | AB379: c
A380: 377 | B380: =A380*0.03 -> 11.31 | C380: =C379 -> 50 | D380: =D379 -> 300 | E380: =E379 -> 153 | F380: =F379+1 -> 419.60001 | H380: =M380-E380 -> 51 | J380: 209 | K380: 433.60001 | L380: a | M380: 204 | N380: 435.60001 | O380: b | P380: 221 | Q380: 434.60001 | R380: c | T380: 214 | U380: 482.6 | V380: a | W380: 179 | X380: 374.60001 | Y380: b | Z380: 191 | AA380: 473.6 | AB380: c
... A387: 384 | B387: =A387*0.03 -> 11.52 | C387: =C386 -> 50 | D387: =D386 -> 300 | E387: =E386 -> 153 | F387: =F386+1 -> 426.60001 | H387: =M387-E387 -> 52 | J387: 209 | K387: 442.6 | L387: a | M387: 205 | N387: 445.6 | O387: b | P387: 221 | Q387: 443.6 | R387: c | T387: 214 | U387: 488.6 | V387: a | W387: 179 | X387: 380.60001 | Y387: b | Z387: 186 | AA387: 480.6 | AB387: c
A388: 385 | B388: =A388*0.03 -> 11.55 | C388: =C387 -> 50 | D388: =D387 -> 300 | E388: =E387 -> 153 | F388: =F387+1 -> 427.60001 | H388: =M388-E388 -> 52 | J388: 209 | K388: 444.6 | L388: a | M388: 205 | N388: 445.6 | O388: b | P388: 221 | Q388: 445.6 | R388: c | W388: 179 | X388: 381.60001 | Y388: b | Z388: 186 | AA388: 481.6 | AB388: c
A389: 386 | B389: =A389*0.03 -> 11.58 | C389: =C388 -> 50 | D389: =D388 -> 300 | E389: =E388 -> 153 | F389: =F388+1 -> 428.60001 | H389: =M389-E389 -> 52 | J389: 209 | K389: 446.6 | L389: a | M389: 205 | N389: 446.6 | O389: b | P389: 221 | Q389: 446.6 | R389: c | W389: 179 | X389: 381.60001 | Y389: b | Z389: 185 | AA389: 481.6 | AB389: c
A390: 387 | B390: =A390*0.03 -> 11.61 | C390: =C389 -> 50 | D390: =D389 -> 300 | E390: =E389 -> 153 | F390: =F389+1 -> 429.60001 | H390: =M390-E390 -> 52 | J390: 209 | K390: 448.6 | L390: a | M390: 205 | N390: 447.6 | O390: b | P390: 221 | Q390: 448.6 | R390: c | W390: 179 | X390: 382.60001 | Y390: b | Z390: 185 | AA390: 481.6 | AB390: c
A391: 388 | B391: =A391*0.03 -> 11.64 | C391: =C390 -> 50 | D391: =D390 -> 300 | E391: =E390 -> 153 | F391: =F390+1 -> 430.60001 | H391: =M391-E391 -> 53 | J391: 209 | K391: 449.6 | L391: a | M391: 206 | N391: 449.6 | O391: b | P391: 221 | Q391: 450.6 | R391: c | W391: 179 | X391: 383.60001 | Y391: b | Z391: 185 | AA391: 482.6 | AB391: c
A392: 389 | B392: =A392*0.03 -> 11.67 | C392: =C391 -> 50 | D392: =D391 -> 300 | E392: =E391 -> 153 | F392: =F391+1 -> 431.60001 | H392: =M392-E392 -> 53 | J392: 209 | K392: 450.6 | L392: a | M392: 206 | N392: 449.6 | O392: b | P392: 221 | Q392: 452.6 | R392: c | W392: 179 | X392: 384.60001 | Y392: b | Z392: 185 | AA392: 483.6 | AB392: c
A393: 390 | B393: =A393*0.03 -> 11.7 | C393: =C392 -> 50 | D393: =D392 -> 300 | E393: =E392 -> 153 | F393: =F392+1 -> 432.60001 | H393: =M393-E393 -> 53 | J393: 209 | K393: 451.6 | L393: a | M393: 206 | N393: 450.6 | O393: b | P393: 221 | Q393: 453.6 | R393: c | W393: 179 | X393: 385.60001 | Y393: b | Z393: 184 | AA393: 483.6 | AB393: c
A394: 391 | B394: =A394*0.03 -> 11.73 | C394: =C393 -> 50 | D394: =D393 -> 300 | E394: =E393 -> 153 | F394: =F393+1 -> 433.60001 | H394: =M394-E394 -> 53 | J394: 209 | K394: 452.6 | L394: a | M394: 206 | N394: 451.6 | O394: b | P394: 221 | Q394: 455.6 | R394: c | W394: 179 | X394: 385.60001 | Y394: b | Z394: 184 | AA394: 484.6 | AB394: c
A395: 392 | B395: =A395*0.03 -> 11.76 | C395: =C394 -> 50 | D395: =D394 -> 300 | E395: =E394 -> 153 | F395: =F394+1 -> 434.60001 | H395: =M395-E395 -> 53 | J395: 209 | K395: 453.6 | L395: a | M395: 206 | N395: 452.6 | O395: b | P395: 221 | Q395: 457.6 | R395: c | W395: 179 | X395: 386.60001 | Y395: b | Z395: 183 | AA395: 485.6 | AB395: c
A396: 393 | B396: =A396*0.03 -> 11.79 | C396: =C395 -> 50 | D396: =D395 -> 300 | E396: =E395 -> 153 | F396: =F395+1 -> 435.60001 | H396: =M396-E396 -> 53 | J396: 209 | K396: 454.6 | L396: a | M396: 206 | N396: 453.6 | O396: b | P396: 221 | Q396: 457.6 | R396: c | W396: 179 | X396: 387.60001 | Y396: b | Z396: 183 | AA396: 485.6 | AB396: c
A397: 394 | B397: =A397*0.03 -> 11.82 | C397: =C396 -> 50 | D397: =D396 -> 300 | E397: =E396 -> 153 | F397: =F396+1 -> 436.60001 | H397: =M397-E397 -> 53 | J397: 209 | K397: 455.6 | L397: a | M397: 206 | N397: 453.6 | O397: b | P397: 220 | Q397: 458.6 | R397: c | W397: 179 | X397: 388.60001 | Y397: b | Z397: 182 | AA397: 486.6 | AB397: c
A398: 395 | B398: =A398*0.03 -> 11.85 | C398: =C397 -> 50 | D398: =D397 -> 300 | E398: =E397 -> 153 | F398: =F397+1 -> 437.60001 | H398: =M398-E398 -> 53 | J398: 209 | K398: 456.6 | L398: a | M398: 206 | N398: 454.6 | O398: b | P398: 220 | Q398: 459.6 | R398: c | W398: 179 | X398: 389.60001 | Y398: b | Z398: 182 | AA398: 487.6 | AB398: c
A399: 396 | B399: =A399*0.03 -> 11.88 | C399: =C398 -> 50 | D399: =D398 -> 300 | E399: =E398 -> 153 | F399: =F398+1 -> 438.60001 | H399: =M399-E399 -> 53 | J399: 209 | K399: 457.6 | L399: a | M399: 206 | N399: 455.6 | O399: b | P399: 220 | Q399: 461.6 | R399: c | W399: 179 | X399: 389.60001 | Y399: b
A400: 397 | B400: =A400*0.03 -> 11.91 | C400: =C399 -> 50 | D400: =D399 -> 300 | E400: =E399 -> 153 | F400: =F399+1 -> 439.60001 | H400: =M400-E400 -> 53 | J400: 209 | K400: 457.6 | L400: a | M400: 206 | N400: 456.6 | O400: b | P400: 219 | Q400: 462.6 | R400: c | W400: 180 | X400: 390.60001 | Y400: b
A401: 398 | B401: =A401*0.03 -> 11.94 | C401: =C400 -> 50 | D401: =D400 -> 300 | E401: =E400 -> 153 | F401: =F400+1 -> 440.60001 | H401: =M401-E401 -> 53 | J401: 209 | K401: 458.6 | L401: a | M401: 206 | N401: 457.6 | O401: b | P401: 219 | Q401: 463.6 | R401: c | W401: 180 | X401: 392.60001 | Y401: b
A402: 399 | B402: =A402*0.03 -> 11.97 | C402: =C401 -> 50 | D402: =D401 -> 300 | E402: =E401 -> 153 | F402: =F401+1 -> 441.60001 | H402: =M402-E402 -> 53 | J402: 209 | K402: 459.6 | L402: a | M402: 206 | N402: 458.6 | O402: b | P402: 219 | Q402: 465.6 | R402: c | W402: 180 | X402: 393.60001 | Y402: b
A403: 400 | B403: =A403*0.03 -> 12 | C403: =C402 -> 50 | D403: =D402 -> 300 | E403: =E402 -> 153 | F403: =F402+1 -> 442.60001 | H403: =M403-E403 -> 53 | J403: 209 | K403: 460.6 | L403: a | M403: 206 | N403: 459.6 | O403: b | P403: 219 | Q403: 465.6 | R403: c | W403: 180 | X403: 393.60001 | Y403: b
A404: 401 | B404: =A404*0.03 -> 12.03 | C404: =C403 -> 50 | D404: =D403 -> 300 | E404: =E403 -> 153 | F404: =F403+1 -> 443.60001 | H404: =M404-E404 -> 53 | J404: 209 | K404: 461.6 | L404: a | M404: 206 | N404: 460.6 | O404: b | P404: 218 | Q404: 466.6 | R404: c | W404: 180 | X404: 394.60001 | Y404: b
A405: 402 | B405: =A405*0.03 -> 12.06 | C405: =C404 -> 50 | D405: =D404 -> 300 | E405: =E404 -> 153 | F405: =F404+1 -> 444.60001 | H405: =M405-E405 -> 53 | J405: 208 | K405: 461.6 | L405: a | M405: 206 | N405: 462.6 | O405: b | P405: 217 | Q405: 468.6 | R405: c | W405: 181 | X405: 395.60001 | Y405: b
A406: 403 | B406: =A406*0.03 -> 12.09 | C406: =C405 -> 50 | D406: =D405 -> 300 | E406: =E405 -> 153 | F406: =F405+1 -> 445.60001 | H406: =M406-E406 -> 53 | J406: 208 | K406: 461.6 | L406: a | M406: 206 | N406: 463.6 | O406: b | P406: 217 | Q406: 469.6 | R406: c | W406: 181 | X406: 396.60001 | Y406: b
A407: 404 | B407: =A407*0.03 -> 12.12 | C407: =C406 -> 50 | D407: =D406 -> 300 | E407: =E406 -> 153 | F407: =F406+1 -> 446.60001 | H407: =M407-E407 -> 53 | J407: 208 | K407: 462.6 | L407: a | M407: 206 | N407: 465.6 | O407: b | P407: 217 | Q407: 469.6 | R407: c | W407: 181 | X407: 397.60001 | Y407: b
A408: 405 | B408: =A408*0.03 -> 12.15 | C408: =C407 -> 50 | D408: =D407 -> 300 | E408: =E407 -> 153 | F408: =F407+1 -> 447.60001 | H408: =M408-E408 -> 53 | J408: 207 | K408: 463.6 | L408: a | M408: 206 | N408: 466.6 | O408: b | P408: 217 | Q408: 470.6 | R408: c | W408: 181 | X408: 398.60001 | Y408: b
A409: 406 | B409: =A409*0.03 -> 12.18 | C409: =C408 -> 50 | D409: =D408 -> 300 | E409: =E408 -> 153 | F409: =F408+1 -> 448.60001 | H409: =M409-E409 -> 53 | J409: 206 | K409: 463.6 | L409: a | M409: 206 | N409: 467.6 | O409: b | P409: 216 | Q409: 472.6 | R409: c | W409: 181 | X409: 399.60001 | Y409: b
A410: 407 | B410: =A410*0.03 -> 12.21 | C410: =C409 -> 50 | D410: =D409 -> 300 | E410: =E409 -> 153 | F410: =F409+1 -> 449.60001 | H410: =M410-E410 -> 53 | J410: 206 | K410: 464.6 | L410: a | M410: 206 | N410: 468.6 | O410: b | P410: 216 | Q410: 473.6 | R410: c | W410: 181 | X410: 400.60001 | Y410: b
... A424: 421 | B424: =A424*0.03 -> 12.63 | C424: =C423 -> 50 | D424: =D423 -> 300 | E424: =E423 -> 153 | F424: =F423+1 -> 463.60001 | H424: =M424-E424 -> 54 | J424: 201 | K424: 470.6 | L424: a | M424: 207 | N424: 479.6 | O424: b | P424: 215 | Q424: 483.6 | R424: c | W424: 182 | X424: 411.60001 | Y424: b
A425: 422 | B425: =A425*0.03 -> 12.66 | C425: =C424 -> 50 | D425: =D424 -> 300 | E425: =E424 -> 153 | F425: =F424+1 -> 464.60001 | H425: =M425-E425 -> 54 | J425: 200 | K425: 470.6 | L425: a | M425: 207 | N425: 480.6 | O425: b | W425: 182 | X425: 412.60001 | Y425: b
A426: 423 | B426: =A426*0.03 -> 12.69 | C426: =C425 -> 50 | D426: =D425 -> 300 | E426: =E425 -> 153 | F426: =F425+1 -> 465.60001 | H426: =M426-E426 -> 54 | J426: 200 | K426: 471.6 | L426: a | M426: 207 | N426: 481.6 | O426: b | W426: 182 | X426: 413.60001 | Y426: b
A427: 424 | B427: =A427*0.03 -> 12.72 | C427: =C426 -> 50 | D427: =D426 -> 300 | E427: =E426 -> 153 | F427: =F426+1 -> 466.60001 | H427: =M427-E427 -> 54 | J427: 199 | K427: 472.6 | L427: a | M427: 207 | N427: 481.6 | O427: b | W427: 182 | X427: 414.60001 | Y427: b
A428: 425 | B428: =A428*0.03 -> 12.75 | C428: =C427 -> 50 | D428: =D427 -> 300 | E428: =E427 -> 153 | F428: =F427+1 -> 467.60001 | H428: =M428-E428 -> 54 | J428: 199 | K428: 473.6 | L428: a | M428: 207 | N428: 482.6 | O428: b | W428: 182 | X428: 415.60001 | Y428: b
A429: 426 | B429: =A429*0.03 -> 12.78 | C429: =C428 -> 50 | D429: =D428 -> 300 | E429: =E428 -> 153 | F429: =F428+1 -> 468.60001 | J429: 199 | K429: 473.6 | L429: a | W429: 182 | X429: 417.60001 | Y429: b
A430: 427 | B430: =A430*0.03 -> 12.81 | C430: =C429 -> 50 | D430: =D429 -> 300 | E430: =E429 -> 153 | F430: =F429+1 -> 469.60001 | J430: 198 | K430: 473.6 | L430: a | W430: 182 | X430: 418.60001 | Y430: b
A431: 428 | B431: =A431*0.03 -> 12.84 | C431: =C430 -> 50 | D431: =D430 -> 300 | E431: =E430 -> 153 | F431: =F430+1 -> 470.60001 | J431: 198 | K431: 474.6 | L431: a | W431: 182 | X431: 419.60001 | Y431: b
A432: 429 | B432: =A432*0.03 -> 12.87 | C432: =C431 -> 50 | D432: =D431 -> 300 | E432: =E431 -> 153 | F432: =F431+1 -> 471.60001 | J432: 198 | K432: 475.6 | L432: a | W432: 182 | X432: 421.60001 | Y432: b
A433: 430 | B433: =A433*0.03 -> 12.9 | C433: =C432 -> 50 | D433: =D432 -> 300 | E433: =E432 -> 153 | F433: =F432+1 -> 472.60001 | J433: 197 | K433: 476.6 | L433: a | W433: 182 | X433: 422.60001 | Y433: b
A434: 431 | B434: =A434*0.03 -> 12.93 | C434: =C433 -> 50 | D434: =D433 -> 300 | E434: =E433 -> 153 | F434: =F433+1 -> 473.60001 | J434: 197 | K434: 477.6 | L434: a | W434: 182 | X434: 424.60001 | Y434: b
A435: 432 | B435: =A435*0.03 -> 12.96 | C435: =C434 -> 50 | D435: =D434 -> 300 | E435: =E434 -> 153 | F435: =F434+1 -> 474.60001 | J435: 197 | K435: 477.6 | L435: a | W435: 182 | X435: 426.60001 | Y435: b
A436: 433 | B436: =A436*0.03 -> 12.99 | C436: =C435 -> 50 | D436: =D435 -> 300 | E436: =E435 -> 153 | F436: =F435+1 -> 475.60001 | J436: 197 | K436: 478.6 | L436: a | W436: 182 | X436: 427.60001 | Y436: b
A437: 434 | B437: =A437*0.03 -> 13.02 | C437: =C436 -> 50 | D437: =D436 -> 300 | E437: =E436 -> 153 | F437: =F436+1 -> 476.60001 | J437: 197 | K437: 479.6 | L437: a | W437: 182 | X437: 428.60001 | Y437: b
A438: 435 | B438: =A438*0.03 -> 13.05 | C438: =C437 -> 50 | D438: =D437 -> 300 | E438: =E437 -> 153 | F438: =F437+1 -> 477.60001 | J438: 197 | K438: 480.6 | L438: a | W438: 182 | X438: 429.60001 | Y438: b
A439: 436 | B439: =A439*0.03 -> 13.08 | C439: =C438 -> 50 | D439: =D438 -> 300 | E439: =E438 -> 153 | F439: =F438+1 -> 478.60001 | J439: 197 | K439: 481.6 | L439: a | W439: 182 | X439: 430.60001 | Y439: b
A440: 437 | B440: =A440*0.03 -> 13.11 | C440: =C439 -> 50 | D440: =D439 -> 300 | E440: =E439 -> 153 | F440: =F439+1 -> 479.60001 | J440: 197 | K440: 481.6 | L440: a | W440: 182 | X440: 432.60001 | Y440: b
... A448: 445 | B448: =A448*0.03 -> 13.35 | C448: =C447 -> 50 | D448: =D447 -> 300 | E448: =E447 -> 153 | F448: =F447+1 -> 487.60001 | J448: 195 | K448: 486.6 | L448: a | W448: 182 | X448: 441.6 | Y448: b
A449: 446 | B449: =A449*0.03 -> 13.38 | C449: =C448 -> 50 | D449: =D448 -> 300 | E449: =E448 -> 153 | F449: =F448+1 -> 488.60001 | W449: 182 | X449: 442.6 | Y449: b
A450: 447 | B450: =A450*0.03 -> 13.41 | C450: =C449 -> 50 | D450: =D449 -> 300 | E450: =E449 -> 153 | F450: =F449+1 -> 489.60001 | W450: 182 | X450: 444.6 | Y450: b
A451: 448 | B451: =A451*0.03 -> 13.44 | C451: =C450 -> 50 | D451: =D450 -> 300 | E451: =E450 -> 153 | F451: =F450+1 -> 490.60001 | W451: 182 | X451: 445.6 | Y451: b
A452: 449 | B452: =A452*0.03 -> 13.47 | C452: =C451 -> 50 | D452: =D451 -> 300 | E452: =E451 -> 153 | F452: =F451+1 -> 491.60001 | W452: 182 | X452: 445.6 | Y452: b
A453: 450 | B453: =A453*0.03 -> 13.5 | C453: =C452 -> 50 | D453: =D452 -> 300 | E453: =E452 -> 153 | F453: =F452+1 -> 492.60001 | W453: 182 | X453: 446.6 | Y453: b
A454: 451 | B454: =A454*0.03 -> 13.53 | C454: =C453 -> 50 | D454: =D453 -> 300 | E454: =E453 -> 153 | F454: =F453+1 -> 493.60001 | W454: 182 | X454: 448.6 | Y454: b
A455: 452 | B455: =A455*0.03 -> 13.56 | C455: =C454 -> 50 | D455: =D454 -> 300 | E455: =E454 -> 153 | F455: =F454+1 -> 494.60001 | W455: 182 | X455: 449.6 | Y455: b
A456: 453 | B456: =A456*0.03 -> 13.59 | C456: =C455 -> 50 | D456: =D455 -> 300 | E456: =E455 -> 153 | F456: =F455+1 -> 495.60001 | W456: 183 | X456: 450.6 | Y456: b
A457: 454 | B457: =A457*0.03 -> 13.62 | C457: =C456 -> 50 | D457: =D456 -> 300 | E457: =E456 -> 153 | F457: =F456+1 -> 496.60001 | W457: 183 | X457: 451.6 | Y457: b
A458: 455 | B458: =A458*0.03 -> 13.65 | C458: =C457 -> 50 | D458: =D457 -> 300 | E458: =E457 -> 153 | F458: =F457+1 -> 497.60001 | W458: 183 | X458: 452.6 | Y458: b
A459: 456 | B459: =A459*0.03 -> 13.68 | C459: =C458 -> 50 | D459: =D458 -> 300 | E459: =E458 -> 153 | F459: =F458+1 -> 498.60001 | W459: 183 | X459: 453.6 | Y459: b
A460: 457 | B460: =A460*0.03 -> 13.71 | C460: =C459 -> 50 | D460: =D459 -> 300 | E460: =E459 -> 153 | F460: =F459+1 -> 499.60001 | W460: 184 | X460: 453.6 | Y460: b
... A485: 482 | B485: =A485*0.03 -> 14.46 | C485: =C484 -> 50 | D485: =D484 -> 300 | E485: =E484 -> 153 | F485: =F484+1 -> 524.60001 | W485: 189 | X485: 476.6 | Y485: b
W486: 189 | X486: 477.6 | Y486: b
W487: 189 | X487: 478.6 | Y487: b
W488: 189 | X488: 479.6 | Y488: b
W489: 189 | X489: 480.6 | Y489: b
W490: 189 | X490: 481.6 | Y490: b
W491: 189 | X491: 481.6 | Y491: b
W492: 189 | X492: 482.6 | Y492: b

Sheet 50
G1: Max1 | H1: Max2 | I1: Max 3 | AG1: Max1 | AH1: Max2 | AI1: Max 3
G2: =MAX(G4:G485) -> 58.333333 | H2: =MAX(H4:H485) -> 58.333333 | I2: =MAX(I4:I485) -> 60.333333 | AG2: =MAX(AG4:AG485) -> 63.333333 | AH2: =MAX(AH4:AH485) -> 64.333333 | AI2: =MAX(AI4:AI485) -> 58.333333
B3: t | C3: gangg x | D3: gangg y | E3: Ux | F3: Uy | G3: Simpangan 1 | H3: Simpangan 2 | I3: Simpangan 3 | J3: x | K3: y | L3: z | T3: x | U3: y | V3: z | AC3: gangg x | AD3: gangg y | AE3: Ux | AF3: Uy | AG3: Simpangan 1 | AH3: Simpangan 2 | AI3: Simpangan 3
A4: 1 | B4: =A4*0.03 -> 0.03 | C4: =50 -> 50 | D4: 300 | E4: =AVERAGE(J4,M4,P4) -> 161.66667 | F4: =MIN(K4,N4,Q4) -> 35.600006 | G4: =J4-E4 -> -1.6666667 | H4: =M4-E4 -> -0.66666667 | I4: =P4-E4 -> 2.3333333 | J4: 160 | K4: 35.600006 | L4: a | M4: 161 | N4: 35.600006 | O4: b | P4: 164 | Q4: 36.600006 | R4: c | T4: 242 | U4: 43.600006 | V4: a | W4: 245 | X4: 39.600006 | Y4: b | Z4: 246 | AA4: 41.600006 | AB4: c | AC4: =350 -> 350 | AD4: 300 | AE4: =AVERAGE(T4,W4,Z4) -> 244.33333 | AF4: =MIN(U4,X4,AA4) -> 39.600006 | AG4: =AE4-T4 -> 2.3333333 | AH4: =AE4-W4 -> -0.66666667 | AI4: =AE4-Z4 -> -1.6666667
A5: 2 | B5: =A5*0.03 -> 0.06 | C5: =C4 -> 50 | D5: =D4 -> 300 | E5: =E4 -> 161.66667 | F5: =F4+1 -> 36.600006 | G5: =J5-E5 -> -1.6666667 | H5: =M5-E5 -> -0.66666667 | I5: =P5-E5 -> 3.3333333 | J5: 160 | K5: 36.600006 | L5: a | M5: 161 | N5: 37.600006 | O5: b | P5: 165 | Q5: 37.600006 | R5: c | T5: 242 | U5: 44.600006 | V5: a | W5: 245 | X5: 40.600006 | Y5: b | Z5: 246 | AA5: 42.600006 | AB5: c | AC5: =AC4 -> 350 | AD5: =AD4 -> 300 | AE5: =AE4 -> 244.33333 | AF5: =AF4+2 -> 41.600006 | AG5: =AE5-T5 -> 2.3333333 | AH5: =AE5-W5 -> -0.66666667 | AI5: =AE5-Z5 -> -1.6666667
A6: 3 | B6: =A6*0.03 -> 0.09 | C6: =C5 -> 50 | D6: =D5 -> 300 | E6: =E5 -> 161.66667 | F6: =F5+1 -> 37.600006 | G6: =J6-E6 -> -1.6666667 | H6: =M6-E6 -> 0.33333333 | I6: =P6-E6 -> 3.3333333 | J6: 160 | K6: 37.600006 | L6: a | M6: 162 | N6: 38.600006 | O6: b | P6: 165 | Q6: 37.600006 | R6: c | T6: 242 | U6: 45.600006 | V6: a | W6: 245 | X6: 41.600006 | Y6: b | Z6: 246 | AA6: 44.600006 | AB6: c | AC6: =AC5 -> 350 | AD6: =AD5 -> 300 | AE6: =AE5 -> 244.33333 | AF6: =AF5+2 -> 43.600006 | AG6: =AE6-T6 -> 2.3333333 | AH6: =AE6-W6 -> -0.66666667 | AI6: =AE6-Z6 -> -1.6666667
A7: 4 | B7: =A7*0.03 -> 0.12 | C7: =C6 -> 50 | D7: =D6 -> 300 | E7: =E6 -> 161.66667 | F7: =F6+1 -> 38.600006 | G7: =J7-E7 -> -1.6666667 | H7: =M7-E7 -> 1.3333333 | I7: =P7-E7 -> 3.3333333 | J7: 160 | K7: 37.600006 | L7: a | M7: 163 | N7: 39.600006 | O7: b | P7: 165 | Q7: 39.600006 | R7: c | T7: 242 | U7: 45.600006 | V7: a | W7: 245 | X7: 42.600006 | Y7: b | Z7: 246 | AA7: 45.600006 | AB7: c | AC7: =AC6 -> 350 | AD7: =AD6 -> 300 | AE7: =AE6 -> 244.33333 | AF7: =AF6+2 -> 45.600006 | AG7: =AE7-T7 -> 2.3333333 | AH7: =AE7-W7 -> -0.66666667 | AI7: =AE7-Z7 -> -1.6666667
A8: 5 | B8: =A8*0.03 -> 0.15 | C8: =C7 -> 50 | D8: =D7 -> 300 | E8: =E7 -> 161.66667 | F8: =F7+1 -> 39.600006 | G8: =J8-E8 -> -0.66666667 | H8: =M8-E8 -> 1.3333333 | I8: =P8-E8 -> 4.3333333 | J8: 161 | K8: 37.600006 | L8: a | M8: 163 | N8: 41.600006 | O8: b | P8: 166 | Q8: 41.600006 | R8: c | T8: 242 | U8: 46.600006 | V8: a | W8: 245 | X8: 44.600006 | Y8: b | Z8: 246 | AA8: 45.600006 | AB8: c | AC8: =AC7 -> 350 | AD8: =AD7 -> 300 | AE8: =AE7 -> 244.33333 | AF8: =AF7+2 -> 47.600006 | AG8: =AE8-T8 -> 2.3333333 | AH8: =AE8-W8 -> -0.66666667 | AI8: =AE8-Z8 -> -1.6666667
A9: 6 | B9: =A9*0.03 -> 0.18 | C9: =C8 -> 50 | D9: =D8 -> 300 | E9: =E8 -> 161.66667 | F9: =F8+1 -> 40.600006 | G9: =J9-E9 -> -0.66666667 | H9: =M9-E9 -> 2.3333333 | I9: =P9-E9 -> 5.3333333 | J9: 161 | K9: 39.600006 | L9: a | M9: 164 | N9: 41.600006 | O9: b | P9: 167 | Q9: 42.600006 | R9: c | T9: 242 | U9: 47.600006 | V9: a | W9: 245 | X9: 45.600006 | Y9: b | Z9: 246 | AA9: 46.600006 | AB9: c | AC9: =AC8 -> 350 | AD9: =AD8 -> 300 | AE9: =AE8 -> 244.33333 | AF9: =AF8+2 -> 49.600006 | AG9: =AE9-T9 -> 2.3333333 | AH9: =AE9-W9 -> -0.66666667 | AI9: =AE9-Z9 -> -1.6666667
A10: 7 | B10: =A10*0.03 -> 0.21 | C10: =C9 -> 50 | D10: =D9 -> 300 | E10: =E9 -> 161.66667 | F10: =F9+1 -> 41.600006 | G10: =J10-E10 -> -0.66666667 | H10: =M10-E10 -> 2.3333333 | I10: =P10-E10 -> 5.3333333 | J10: 161 | K10: 40.600006 | L10: a | M10: 164 | N10: 42.600006 | O10: b | P10: 167 | Q10: 43.600006 | R10: c | T10: 242 | U10: 48.600006 | V10: a | W10: 245 | X10: 45.600006 | Y10: b | Z10: 246 | AA10: 47.600006 | AB10: c | AC10: =AC9 -> 350 | AD10: =AD9 -> 300 | AE10: =AE9 -> 244.33333 | AF10: =AF9+2 -> 51.600006 | AG10: =AE10-T10 -> 2.3333333 | AH10: =AE10-W10 -> -0.66666667 | AI10: =AE10-Z10 -> -1.6666667
A11: 8 | B11: =A11*0.03 -> 0.24 | C11: =C10 -> 50 | D11: =D10 -> 300 | E11: =E10 -> 161.66667 | F11: =F10+1 -> 42.600006 | G11: =J11-E11 -> -0.66666667 | H11: =M11-E11 -> 2.3333333 | I11: =P11-E11 -> 6.3333333 | J11: 161 | K11: 41.600006 | L11: a | M11: 164 | N11: 43.600006 | O11: b | P11: 168 | Q11: 45.600006 | R11: c | T11: 242 | U11: 49.600006 | V11: a | W11: 245 | X11: 46.600006 | Y11: b | Z11: 245 | AA11: 47.600006 | AB11: c | AC11: =AC10 -> 350 | AD11: =AD10 -> 300 | AE11: =AE10 -> 244.33333 | AF11: =AF10+2 -> 53.600006 | AG11: =AE11-T11 -> 2.3333333 | AH11: =AE11-W11 -> -0.66666667 | AI11: =AE11-Z11 -> -0.66666667
A12: 9 | B12: =A12*0.03 -> 0.27 | C12: =C11 -> 50 | D12: =D11 -> 300 | E12: =E11 -> 161.66667 | F12: =F11+1 -> 43.600006 | G12: =J12-E12 -> 0.33333333 | H12: =M12-E12 -> 2.3333333 | I12: =P12-E12 -> 7.3333333 | J12: 162 | K12: 41.600006 | L12: a | M12: 164 | N12: 44.600006 | O12: b | P12: 169 | Q12: 46.600006 | R12: c | T12: 243 | U12: 49.600006 | V12: a | W12: 245 | X12: 47.600006 | Y12: b | Z12: 245 | AA12: 48.600006 | AB12: c | AC12: =AC11 -> 350 | AD12: =AD11 -> 300 | AE12: =AE11 -> 244.33333 | AF12: =AF11+2 -> 55.600006 | AG12: =AE12-T12 -> 1.3333333 | AH12: =AE12-W12 -> -0.66666667 | AI12: =AE12-Z12 -> -0.66666667
A13: 10 | B13: =A13*0.03 -> 0.3 | C13: =C12 -> 50 | D13: =D12 -> 300 | E13: =E12 -> 161.66667 | F13: =F12+1 -> 44.600006 | G13: =J13-E13 -> 0.33333333 | H13: =M13-E13 -> 2.3333333 | I13: =P13-E13 -> 7.3333333 | J13: 162 | K13: 42.600006 | L13: a | M13: 164 | N13: 45.600006 | O13: b | P13: 169 | Q13: 47.600006 | R13: c | T13: 243 | U13: 50.600006 | V13: a | W13: 245 | X13: 48.600006 | Y13: b | Z13: 245 | AA13: 48.600006 | AB13: c | AC13: =AC12 -> 350 | AD13: =AD12 -> 300 | AE13: =AE12 -> 244.33333 | AF13: =AF12+2 -> 57.600006 | AG13: =AE13-T13 -> 1.3333333 | AH13: =AE13-W13 -> -0.66666667 | AI13: =AE13-Z13 -> -0.66666667
A14: 11 | B14: =A14*0.03 -> 0.33 | C14: =C13 -> 50 | D14: =D13 -> 300 | E14: =E13 -> 161.66667 | F14: =F13+1 -> 45.600006 | G14: =J14-E14 -> 0.33333333 | H14: =M14-E14 -> 2.3333333 | I14: =P14-E14 -> 7.3333333 | J14: 162 | K14: 43.600006 | L14: a | M14: 164 | N14: 45.600006 | O14: b | P14: 169 | Q14: 48.600006 | R14: c | T14: 243 | U14: 51.600006 | V14: a | W14: 244 | X14: 49.600006 | Y14: b | Z14: 244 | AA14: 49.600006 | AB14: c | AC14: =AC13 -> 350 | AD14: =AD13 -> 300 | AE14: =AE13 -> 244.33333 | AF14: =AF13+2 -> 59.600006 | AG14: =AE14-T14 -> 1.3333333 | AH14: =AE14-W14 -> 0.33333333 | AI14: =AE14-Z14 -> 0.33333333
A15: 12 | B15: =A15*0.03 -> 0.36 | C15: =C14 -> 50 | D15: =D14 -> 300 | E15: =E14 -> 161.66667 | F15: =F14+1 -> 46.600006 | G15: =J15-E15 -> 0.33333333 | H15: =M15-E15 -> 2.3333333 | I15: =P15-E15 -> 7.3333333 | J15: 162 | K15: 44.600006 | L15: a | M15: 164 | N15: 46.600006 | O15: b | P15: 169 | Q15: 49.600006 | R15: c | T15: 243 | U15: 52.600006 | V15: a | W15: 244 | X15: 49.600006 | Y15: b | Z15: 243 | AA15: 49.600006 | AB15: c | AC15: =AC14 -> 350 | AD15: =AD14 -> 300 | AE15: =AE14 -> 244.33333 | AF15: =AF14+2 -> 61.600006 | AG15: =AE15-T15 -> 1.3333333 | AH15: =AE15-W15 -> 0.33333333 | AI15: =AE15-Z15 -> 1.3333333
A16: 13 | B16: =A16*0.03 -> 0.39 | C16: =C15 -> 50 | D16: =D15 -> 300 | E16: =E15 -> 161.66667 | F16: =F15+1 -> 47.600006 | G16: =J16-E16 -> 0.33333333 | H16: =M16-E16 -> 2.3333333 | I16: =P16-E16 -> 7.3333333 | J16: 162 | K16: 45.600006 | L16: a | M16: 164 | N16: 47.600006 | O16: b | P16: 169 | Q16: 51.600006 | R16: c | T16: 244 | U16: 53.600006 | V16: a | W16: 244 | X16: 50.600006 | Y16: b | Z16: 243 | AA16: 49.600006 | AB16: c | AC16: =AC15 -> 350 | AD16: =AD15 -> 300 | AE16: =AE15 -> 244.33333 | AF16: =AF15+2 -> 63.600006 | AG16: =AE16-T16 -> 0.33333333 | AH16: =AE16-W16 -> 0.33333333 | AI16: =AE16-Z16 -> 1.3333333
... A361: 358 | B361: =A361*0.03 -> 10.74 | C361: =C360 -> 50 | D361: =D360 -> 300 | E361: =E360 -> 161.66667 | F361: =F360+1 -> 392.60001 | G361: =J361-E361 -> 55.333333 | H361: =M361-E361 -> 57.333333 | I361: =P361-E361 -> 51.333333 | J361: 217 | K361: 345.60001 | L361: a | M361: 219 | N361: 396.60001 | O361: b | P361: 213 | Q361: 456.6 | R361: c | T361: 186 | U361: 335.60001 | V361: a | W361: 233 | X361: 465.6 | Y361: b | Z361: 202 | AA361: 390.60001 | AB361: c | AC361: =AC360 -> 350 | AD361: =AD360 -> 300 | AE361: =AE360 -> 244.33333 | AF361: =AF360+2 -> 753.60001 | AG361: =AE361-T361 -> 58.333333 | AH361: =AE361-W361 -> 11.333333 | AI361: =AE361-Z361 -> 42.333333
A362: 359 | B362: =A362*0.03 -> 10.77 | C362: =C361 -> 50 | D362: =D361 -> 300 | E362: =E361 -> 161.66667 | F362: =F361+1 -> 393.60001 | G362: =J362-E362 -> 55.333333 | H362: =M362-E362 -> 57.333333 | I362: =P362-E362 -> 51.333333 | J362: 217 | K362: 346.60001 | L362: a | M362: 219 | N362: 397.60001 | O362: b | P362: 213 | Q362: 457.6 | R362: c | T362: 186 | U362: 337.60001 | V362: a | W362: 233 | X362: 466.6 | Y362: b | Z362: 203 | AA362: 391.60001 | AB362: c | AC362: =AC361 -> 350 | AD362: =AD361 -> 300 | AE362: =AE361 -> 244.33333 | AF362: =AF361+2 -> 755.60001 | AG362: =AE362-T362 -> 58.333333 | AH362: =AE362-W362 -> 11.333333
A363: 360 | B363: =A363*0.03 -> 10.8 | C363: =C362 -> 50 | D363: =D362 -> 300 | E363: =E362 -> 161.66667 | F363: =F362+1 -> 394.60001 | G363: =J363-E363 -> 55.333333 | H363: =M363-E363 -> 57.333333 | I363: =P363-E363 -> 51.333333 | J363: 217 | K363: 347.60001 | L363: a | M363: 219 | N363: 398.60001 | O363: b | P363: 213 | Q363: 458.6 | R363: c | T363: 187 | U363: 339.60001 | V363: a | W363: 233 | X363: 467.6 | Y363: b | Z363: 203 | AA363: 392.60001 | AB363: c | AC363: =AC362 -> 350 | AD363: =AD362 -> 300 | AE363: =AE362 -> 244.33333 | AF363: =AF362+2 -> 757.60001 | AG363: =AE363-T363 -> 57.333333 | AH363: =AE363-W363 -> 11.333333
A364: 361 | B364: =A364*0.03 -> 10.83 | C364: =C363 -> 50 | D364: =D363 -> 300 | E364: =E363 -> 161.66667 | F364: =F363+1 -> 395.60001 | G364: =J364-E364 -> 55.333333 | H364: =M364-E364 -> 57.333333 | I364: =P364-E364 -> 51.333333 | J364: 217 | K364: 348.60001 | L364: a | M364: 219 | N364: 400.60001 | O364: b | P364: 213 | Q364: 459.6 | R364: c | T364: 187 | U364: 341.60001 | V364: a | W364: 233 | X364: 469.6 | Y364: b | Z364: 204 | AA364: 394.60001 | AB364: c | AC364: =AC363 -> 350 | AD364: =AD363 -> 300 | AE364: =AE363 -> 244.33333 | AF364: =AF363+2 -> 759.60001 | AG364: =AE364-T364 -> 57.333333 | AH364: =AE364-W364 -> 11.333333
A365: 362 | B365: =A365*0.03 -> 10.86 | C365: =C364 -> 50 | D365: =D364 -> 300 | E365: =E364 -> 161.66667 | F365: =F364+1 -> 396.60001 | G365: =J365-E365 -> 55.333333 | H365: =M365-E365 -> 57.333333 | I365: =P365-E365 -> 51.333333 | J365: 217 | K365: 349.60001 | L365: a | M365: 219 | N365: 401.60001 | O365: b | P365: 213 | Q365: 461.6 | R365: c | T365: 187 | U365: 342.60001 | V365: a | W365: 233 | X365: 470.6 | Y365: b | Z365: 205 | AA365: 395.60001 | AB365: c | AC365: =AC364 -> 350 | AD365: =AD364 -> 300 | AE365: =AE364 -> 244.33333 | AF365: =AF364+2 -> 761.60001 | AG365: =AE365-T365 -> 57.333333 | AH365: =AE365-W365 -> 11.333333
A366: 363 | B366: =A366*0.03 -> 10.89 | C366: =C365 -> 50 | D366: =D365 -> 300 | E366: =E365 -> 161.66667 | F366: =F365+1 -> 397.60001 | G366: =J366-E366 -> 55.333333 | H366: =M366-E366 -> 57.333333 | I366: =P366-E366 -> 51.333333 | J366: 217 | K366: 350.60001 | L366: a | M366: 219 | N366: 401.60001 | O366: b | P366: 213 | Q366: 461.6 | R366: c | T366: 187 | U366: 344.60001 | V366: a | W366: 233 | X366: 472.6 | Y366: b | Z366: 205 | AA366: 396.60001 | AB366: c | AC366: =AC365 -> 350 | AD366: =AD365 -> 300 | AE366: =AE365 -> 244.33333 | AF366: =AF365+2 -> 763.60001 | AG366: =AE366-T366 -> 57.333333 | AH366: =AE366-W366 -> 11.333333
A367: 364 | B367: =A367*0.03 -> 10.92 | C367: =C366 -> 50 | D367: =D366 -> 300 | E367: =E366 -> 161.66667 | F367: =F366+1 -> 398.60001 | G367: =J367-E367 -> 55.333333 | H367: =M367-E367 -> 57.333333 | I367: =P367-E367 -> 50.333333 | J367: 217 | K367: 351.60001 | L367: a | M367: 219 | N367: 403.60001 | O367: b | P367: 212 | Q367: 462.6 | R367: c | T367: 187 | U367: 345.60001 | V367: a | W367: 233 | X367: 473.6 | Y367: b | Z367: 205 | AA367: 397.60001 | AB367: c | AC367: =AC366 -> 350 | AD367: =AD366 -> 300 | AE367: =AE366 -> 244.33333 | AF367: =AF366+2 -> 765.60001 | AH367: =AE367-W367 -> 11.333333
A368: 365 | B368: =A368*0.03 -> 10.95 | C368: =C367 -> 50 | D368: =D367 -> 300 | E368: =E367 -> 161.66667 | F368: =F367+1 -> 399.60001 | G368: =J368-E368 -> 55.333333 | H368: =M368-E368 -> 57.333333 | J368: 217 | K368: 352.60001 | L368: a | M368: 219 | N368: 404.60001 | O368: b | P368: 212 | Q368: 463.6 | R368: c | T368: 187 | U368: 348.60001 | V368: a | W368: 233 | X368: 475.6 | Y368: b | Z368: 205 | AA368: 398.60001 | AB368: c | AC368: =AC367 -> 350 | AD368: =AD367 -> 300 | AE368: =AE367 -> 244.33333 | AF368: =AF367+2 -> 767.60001 | AH368: =AE368-W368 -> 11.333333
A369: 366 | B369: =A369*0.03 -> 10.98 | C369: =C368 -> 50 | D369: =D368 -> 300 | E369: =E368 -> 161.66667 | F369: =F368+1 -> 400.60001 | H369: =M369-E369 -> 56.333333 | J369: 217 | K369: 353.60001 | L369: a | M369: 218 | N369: 405.60001 | O369: b | P369: 212 | Q369: 464.6 | R369: c | T369: 187 | U369: 349.60001 | V369: a | W369: 233 | X369: 476.6 | Y369: b | Z369: 206 | AA369: 399.60001 | AB369: c
A370: 367 | B370: =A370*0.03 -> 11.01 | C370: =C369 -> 50 | D370: =D369 -> 300 | E370: =E369 -> 161.66667 | F370: =F369+1 -> 401.60001 | H370: =M370-E370 -> 56.333333 | J370: 217 | K370: 353.60001 | L370: a | M370: 218 | N370: 406.60001 | O370: b | P370: 212 | Q370: 465.6 | R370: c | T370: 187 | U370: 351.60001 | V370: a | W370: 233 | X370: 477.6 | Y370: b | Z370: 206 | AA370: 400.60001 | AB370: c
A371: 368 | B371: =A371*0.03 -> 11.04 | C371: =C370 -> 50 | D371: =D370 -> 300 | E371: =E370 -> 161.66667 | F371: =F370+1 -> 402.60001 | H371: =M371-E371 -> 56.333333 | J371: 217 | K371: 354.60001 | L371: a | M371: 218 | N371: 407.60001 | O371: b | P371: 212 | Q371: 465.6 | R371: c | T371: 187 | U371: 353.60001 | V371: a | W371: 233 | X371: 477.6 | Y371: b | Z371: 207 | AA371: 401.60001 | AB371: c
A372: 369 | B372: =A372*0.03 -> 11.07 | C372: =C371 -> 50 | D372: =D371 -> 300 | E372: =E371 -> 161.66667 | F372: =F371+1 -> 403.60001 | H372: =M372-E372 -> 56.333333 | J372: 216 | K372: 355.60001 | L372: a | M372: 218 | N372: 408.60001 | O372: b | P372: 212 | Q372: 466.6 | R372: c | T372: 187 | U372: 353.60001 | V372: a | W372: 233 | X372: 479.6 | Y372: b | Z372: 207 | AA372: 402.60001 | AB372: c
A373: 370 | B373: =A373*0.03 -> 11.1 | C373: =C372 -> 50 | D373: =D372 -> 300 | E373: =E372 -> 161.66667 | F373: =F372+1 -> 404.60001 | H373: =M373-E373 -> 56.333333 | J373: 216 | K373: 356.60001 | L373: a | M373: 218 | N373: 409.60001 | O373: b | P373: 211 | Q373: 467.6 | R373: c | T373: 187 | U373: 356.60001 | V373: a | W373: 233 | X373: 480.6 | Y373: b | Z373: 208 | AA373: 404.60001 | AB373: c
A374: 371 | B374: =A374*0.03 -> 11.13 | C374: =C373 -> 50 | D374: =D373 -> 300 | E374: =E373 -> 161.66667 | F374: =F373+1 -> 405.60001 | H374: =M374-E374 -> 56.333333 | J374: 216 | K374: 357.60001 | L374: a | M374: 218 | N374: 409.60001 | O374: b | P374: 211 | Q374: 468.6 | R374: c | T374: 187 | U374: 357.60001 | V374: a | W374: 233 | X374: 481.6 | Y374: b | Z374: 208 | AA374: 405.60001 | AB374: c
A375: 372 | B375: =A375*0.03 -> 11.16 | C375: =C374 -> 50 | D375: =D374 -> 300 | E375: =E374 -> 161.66667 | F375: =F374+1 -> 406.60001 | H375: =M375-E375 -> 56.333333 | J375: 216 | K375: 358.60001 | L375: a | M375: 218 | N375: 410.60001 | O375: b | P375: 210 | Q375: 469.6 | R375: c | T375: 187 | U375: 358.60001 | V375: a | W375: 233 | X375: 481.6 | Y375: b | Z375: 208 | AA375: 406.60001 | AB375: c
A376: 373 | B376: =A376*0.03 -> 11.19 | C376: =C375 -> 50 | D376: =D375 -> 300 | E376: =E375 -> 161.66667 | F376: =F375+1 -> 407.60001 | H376: =M376-E376 -> 55.333333 | J376: 216 | K376: 359.60001 | L376: a | M376: 217 | N376: 411.60001 | O376: b | P376: 210 | Q376: 470.6 | R376: c | T376: 187 | U376: 361.60001 | V376: a | W376: 233 | X376: 482.6 | Y376: b | Z376: 209 | AA376: 408.60001 | AB376: c
A377: 374 | B377: =A377*0.03 -> 11.22 | C377: =C376 -> 50 | D377: =D376 -> 300 | E377: =E376 -> 161.66667 | F377: =F376+1 -> 408.60001 | H377: =M377-E377 -> 55.333333 | J377: 215 | K377: 360.60001 | L377: a | M377: 217 | N377: 412.60001 | O377: b | P377: 210 | Q377: 472.6 | R377: c | T377: 187 | U377: 362.60001 | V377: a | Z377: 209 | AA377: 409.60001 | AB377: c
A378: 375 | B378: =A378*0.03 -> 11.25 | C378: =C377 -> 50 | D378: =D377 -> 300 | E378: =E377 -> 161.66667 | F378: =F377+1 -> 409.60001 | H378: =M378-E378 -> 55.333333 | J378: 215 | K378: 361.60001 | L378: a | M378: 217 | N378: 413.60001 | O378: b | P378: 209 | Q378: 473.6 | R378: c | T378: 187 | U378: 365.60001 | V378: a | Z378: 209 | AA378: 409.60001 | AB378: c
A379: 376 | B379: =A379*0.03 -> 11.28 | C379: =C378 -> 50 | D379: =D378 -> 300 | E379: =E378 -> 161.66667 | F379: =F378+1 -> 410.60001 | H379: =M379-E379 -> 55.333333 | J379: 215 | K379: 362.60001 | L379: a | M379: 217 | N379: 413.60001 | O379: b | P379: 209 | Q379: 473.6 | R379: c | T379: 188 | U379: 365.60001 | V379: a | Z379: 209 | AA379: 411.60001 | AB379: c
A380: 377 | B380: =A380*0.03 -> 11.31 | C380: =C379 -> 50 | D380: =D379 -> 300 | E380: =E379 -> 161.66667 | F380: =F379+1 -> 411.60001 | H380: =M380-E380 -> 55.333333 | J380: 215 | K380: 363.60001 | L380: a | M380: 217 | N380: 415.60001 | O380: b | P380: 209 | Q380: 475.6 | R380: c | T380: 189 | U380: 368.60001 | V380: a | Z380: 209 | AA380: 412.60001 | AB380: c
A381: 378 | B381: =A381*0.03 -> 11.34 | C381: =C380 -> 50 | D381: =D380 -> 300 | E381: =E380 -> 161.66667 | F381: =F380+1 -> 412.60001 | H381: =M381-E381 -> 55.333333 | J381: 215 | K381: 364.60001 | L381: a | M381: 217 | N381: 416.60001 | O381: b | P381: 209 | Q381: 476.6 | R381: c | T381: 189 | U381: 370.60001 | V381: a | Z381: 209 | AA381: 413.60001 | AB381: c
A382: 379 | B382: =A382*0.03 -> 11.37 | C382: =C381 -> 50 | D382: =D381 -> 300 | E382: =E381 -> 161.66667 | F382: =F381+1 -> 413.60001 | H382: =M382-E382 -> 54.333333 | J382: 215 | K382: 365.60001 | L382: a | M382: 216 | N382: 417.60001 | O382: b | P382: 209 | Q382: 477.6 | R382: c | T382: 189 | U382: 372.60001 | V382: a | Z382: 209 | AA382: 414.60001 | AB382: c
A383: 380 | B383: =A383*0.03 -> 11.4 | C383: =C382 -> 50 | D383: =D382 -> 300 | E383: =E382 -> 161.66667 | F383: =F382+1 -> 414.60001 | H383: =M383-E383 -> 54.333333 | J383: 215 | K383: 365.60001 | L383: a | M383: 216 | N383: 419.60001 | O383: b | P383: 209 | Q383: 478.6 | R383: c | T383: 189 | U383: 374.60001 | V383: a | Z383: 209 | AA383: 417.60001 | AB383: c
A384: 381 | B384: =A384*0.03 -> 11.43 | C384: =C383 -> 50 | D384: =D383 -> 300 | E384: =E383 -> 161.66667 | F384: =F383+1 -> 415.60001 | H384: =M384-E384 -> 54.333333 | J384: 215 | K384: 366.60001 | L384: a | M384: 216 | N384: 420.60001 | O384: b | P384: 209 | Q384: 479.6 | R384: c | T384: 190 | U384: 376.60001 | V384: a | Z384: 209 | AA384: 417.60001 | AB384: c
A385: 382 | B385: =A385*0.03 -> 11.46 | C385: =C384 -> 50 | D385: =D384 -> 300 | E385: =E384 -> 161.66667 | F385: =F384+1 -> 416.60001 | H385: =M385-E385 -> 53.333333 | J385: 215 | K385: 367.60001 | L385: a | M385: 215 | N385: 421.60001 | O385: b | P385: 209 | Q385: 480.6 | R385: c | T385: 190 | U385: 378.60001 | V385: a | Z385: 209 | AA385: 419.60001 | AB385: c
A386: 383 | B386: =A386*0.03 -> 11.49 | C386: =C385 -> 50 | D386: =D385 -> 300 | E386: =E385 -> 161.66667 | F386: =F385+1 -> 417.60001 | H386: =M386-E386 -> 53.333333 | J386: 215 | K386: 368.60001 | L386: a | M386: 215 | N386: 422.60001 | O386: b | P386: 209 | Q386: 481.6 | R386: c | T386: 191 | U386: 381.60001 | V386: a | Z386: 209 | AA386: 420.60001 | AB386: c
A387: 384 | B387: =A387*0.03 -> 11.52 | C387: =C386 -> 50 | D387: =D386 -> 300 | E387: =E386 -> 161.66667 | F387: =F386+1 -> 418.60001 | H387: =M387-E387 -> 53.333333 | J387: 215 | K387: 369.60001 | L387: a | M387: 215 | N387: 424.60001 | O387: b | T387: 191 | U387: 383.60001 | V387: a | Z387: 209 | AA387: 421.60001 | AB387: c
A388: 385 | B388: =A388*0.03 -> 11.55 | C388: =C387 -> 50 | D388: =D387 -> 300 | E388: =E387 -> 161.66667 | F388: =F387+1 -> 419.60001 | H388: =M388-E388 -> 52.333333 | J388: 215 | K388: 370.60001 | L388: a | M388: 214 | N388: 425.60001 | O388: b | T388: 191 | U388: 385.60001 | V388: a | Z388: 209 | AA388: 421.60001 | AB388: c
A389: 386 | B389: =A389*0.03 -> 11.58 | C389: =C388 -> 50 | D389: =D388 -> 300 | E389: =E388 -> 161.66667 | F389: =F388+1 -> 420.60001 | H389: =M389-E389 -> 52.333333 | J389: 215 | K389: 372.60001 | L389: a | M389: 214 | N389: 425.60001 | O389: b | T389: 192 | U389: 388.60001 | V389: a | Z389: 209 | AA389: 423.60001 | AB389: c
A390: 387 | B390: =A390*0.03 -> 11.61 | C390: =C389 -> 50 | D390: =D389 -> 300 | E390: =E389 -> 161.66667 | F390: =F389+1 -> 421.60001 | H390: =M390-E390 -> 52.333333 | J390: 215 | K390: 373.60001 | L390: a | M390: 214 | N390: 428.60001 | O390: b | T390: 192 | U390: 389.60001 | V390: a | Z390: 210 | AA390: 425.60001 | AB390: c
A391: 388 | B391: =A391*0.03 -> 11.64 | C391: =C390 -> 50 | D391: =D390 -> 300 | E391: =E390 -> 161.66667 | F391: =F390+1 -> 422.60001 | H391: =M391-E391 -> 51.333333 | J391: 215 | K391: 374.60001 | L391: a | M391: 213 | N391: 429.60001 | O391: b | T391: 192 | U391: 392.60001 | V391: a | Z391: 210 | AA391: 427.60001 | AB391: c
A392: 389 | B392: =A392*0.03 -> 11.67 | C392: =C391 -> 50 | D392: =D391 -> 300 | E392: =E391 -> 161.66667 | F392: =F391+1 -> 423.60001 | H392: =M392-E392 -> 51.333333 | J392: 215 | K392: 376.60001 | L392: a | M392: 213 | N392: 429.60001 | O392: b | T392: 192 | U392: 393.60001 | V392: a | Z392: 210 | AA392: 429.60001 | AB392: c
A393: 390 | B393: =A393*0.03 -> 11.7 | C393: =C392 -> 50 | D393: =D392 -> 300 | E393: =E392 -> 161.66667 | F393: =F392+1 -> 424.60001 | H393: =M393-E393 -> 51.333333 | J393: 215 | K393: 377.60001 | L393: a | M393: 213 | N393: 430.60001 | O393: b | T393: 192 | U393: 396.60001 | V393: a | Z393: 211 | AA393: 429.60001 | AB393: c
A394: 391 | B394: =A394*0.03 -> 11.73 | C394: =C393 -> 50 | D394: =D393 -> 300 | E394: =E393 -> 161.66667 | F394: =F393+1 -> 425.60001 | H394: =M394-E394 -> 51.333333 | J394: 216 | K394: 378.60001 | L394: a | M394: 213 | N394: 432.60001 | O394: b | T394: 192 | U394: 397.60001 | V394: a | Z394: 211 | AA394: 432.60001 | AB394: c
A395: 392 | B395: =A395*0.03 -> 11.76 | C395: =C394 -> 50 | D395: =D394 -> 300 | E395: =E394 -> 161.66667 | F395: =F394+1 -> 426.60001 | H395: =M395-E395 -> 50.333333 | J395: 216 | K395: 379.60001 | L395: a | M395: 212 | N395: 433.60001 | O395: b | T395: 192 | U395: 400.60001 | V395: a | Z395: 212 | AA395: 433.60001 | AB395: c
A396: 393 | B396: =A396*0.03 -> 11.79 | C396: =C395 -> 50 | D396: =D395 -> 300 | E396: =E395 -> 161.66667 | F396: =F395+1 -> 427.60001 | H396: =M396-E396 -> 49.333333 | J396: 216 | K396: 380.60001 | L396: a | M396: 211 | N396: 434.60001 | O396: b | T396: 192 | U396: 401.60001 | V396: a | Z396: 212 | AA396: 435.60001 | AB396: c
A397: 394 | B397: =A397*0.03 -> 11.82 | C397: =C396 -> 50 | D397: =D396 -> 300 | E397: =E396 -> 161.66667 | F397: =F396+1 -> 428.60001 | H397: =M397-E397 -> 49.333333 | J397: 217 | K397: 381.60001 | L397: a | M397: 211 | N397: 436.6 | O397: b | T397: 192 | U397: 403.60001 | V397: a | Z397: 212 | AA397: 437.6 | AB397: c
A398: 395 | B398: =A398*0.03 -> 11.85 | C398: =C397 -> 50 | D398: =D397 -> 300 | E398: =E397 -> 161.66667 | F398: =F397+1 -> 429.60001 | H398: =M398-E398 -> 49.333333 | J398: 217 | K398: 382.60001 | L398: a | M398: 211 | N398: 437.6 | O398: b | T398: 192 | U398: 405.60001 | V398: a | Z398: 213 | AA398: 438.6 | AB398: c
... A436: 433 | B436: =A436*0.03 -> 12.99 | C436: =C435 -> 50 | D436: =D435 -> 300 | E436: =E435 -> 161.66667 | F436: =F435+1 -> 467.60001 | H436: =M436-E436 -> 40.333333 | J436: 217 | K436: 413.60001 | L436: a | M436: 202 | N436: 470.6 | O436: b | T436: 201 | U436: 484.6 | V436: a | Z436: 211 | AA436: 480.6 | AB436: c
A437: 434 | B437: =A437*0.03 -> 13.02 | C437: =C436 -> 50 | D437: =D436 -> 300 | E437: =E436 -> 161.66667 | F437: =F436+1 -> 468.60001 | H437: =M437-E437 -> 40.333333 | J437: 217 | K437: 414.60001 | L437: a | M437: 202 | N437: 471.6 | O437: b | T437: 201 | U437: 485.6 | V437: a
A438: 435 | B438: =A438*0.03 -> 13.05 | C438: =C437 -> 50 | D438: =D437 -> 300 | E438: =E437 -> 161.66667 | F438: =F437+1 -> 469.60001 | H438: =M438-E438 -> 40.333333 | J438: 217 | K438: 415.60001 | L438: a | M438: 202 | N438: 472.6 | O438: b | T438: 201 | U438: 485.6 | V438: a
A439: 436 | B439: =A439*0.03 -> 13.08 | C439: =C438 -> 50 | D439: =D438 -> 300 | E439: =E438 -> 161.66667 | F439: =F438+1 -> 470.60001 | H439: =M439-E439 -> 40.333333 | J439: 217 | K439: 416.60001 | L439: a | M439: 202 | N439: 473.6 | O439: b | T439: 201 | U439: 486.6 | V439: a
A440: 437 | B440: =A440*0.03 -> 13.11 | C440: =C439 -> 50 | D440: =D439 -> 300 | E440: =E439 -> 161.66667 | F440: =F439+1 -> 471.60001 | H440: =M440-E440 -> 39.333333 | J440: 217 | K440: 417.60001 | L440: a | M440: 201 | N440: 473.6 | O440: b
A441: 438 | B441: =A441*0.03 -> 13.14 | C441: =C440 -> 50 | D441: =D440 -> 300 | E441: =E440 -> 161.66667 | F441: =F440+1 -> 472.60001 | H441: =M441-E441 -> 39.333333 | J441: 217 | K441: 417.60001 | L441: a | M441: 201 | N441: 473.6 | O441: b
A442: 439 | B442: =A442*0.03 -> 13.17 | C442: =C441 -> 50 | D442: =D441 -> 300 | E442: =E441 -> 161.66667 | F442: =F441+1 -> 473.60001 | H442: =M442-E442 -> 39.333333 | J442: 217 | K442: 418.60001 | L442: a | M442: 201 | N442: 474.6 | O442: b
A443: 440 | B443: =A443*0.03 -> 13.2 | C443: =C442 -> 50 | D443: =D442 -> 300 | E443: =E442 -> 161.66667 | F443: =F442+1 -> 474.60001 | H443: =M443-E443 -> 39.333333 | J443: 217 | K443: 419.60001 | L443: a | M443: 201 | N443: 475.6 | O443: b
A444: 441 | B444: =A444*0.03 -> 13.23 | C444: =C443 -> 50 | D444: =D443 -> 300 | E444: =E443 -> 161.66667 | F444: =F443+1 -> 475.60001 | H444: =M444-E444 -> 39.333333 | J444: 217 | K444: 420.60001 | L444: a | M444: 201 | N444: 476.6 | O444: b
A445: 442 | B445: =A445*0.03 -> 13.26 | C445: =C444 -> 50 | D445: =D444 -> 300 | E445: =E444 -> 161.66667 | F445: =F444+1 -> 476.60001 | J445: 217 | K445: 421.60001 | L445: a
A446: 443 | B446: =A446*0.03 -> 13.29 | C446: =C445 -> 50 | D446: =D445 -> 300 | E446: =E445 -> 161.66667 | F446: =F445+1 -> 477.60001 | J446: 217 | K446: 421.60001 | L446: a
A447: 444 | B447: =A447*0.03 -> 13.32 | C447: =C446 -> 50 | D447: =D446 -> 300 | E447: =E446 -> 161.66667 | F447: =F446+1 -> 478.60001 | J447: 217 | K447: 422.60001 | L447: a
A448: 445 | B448: =A448*0.03 -> 13.35 | C448: =C447 -> 50 | D448: =D447 -> 300 | E448: =E447 -> 161.66667 | F448: =F447+1 -> 479.60001 | J448: 217 | K448: 423.60001 | L448: a
A449: 446 | B449: =A449*0.03 -> 13.38 | C449: =C448 -> 50 | D449: =D448 -> 300 | E449: =E448 -> 161.66667 | F449: =F448+1 -> 480.60001 | J449: 217 | K449: 424.60001 | L449: a
A450: 447 | B450: =A450*0.03 -> 13.41 | C450: =C449 -> 50 | D450: =D449 -> 300 | E450: =E449 -> 161.66667 | F450: =F449+1 -> 481.60001 | J450: 217 | K450: 425.60001 | L450: a
A451: 448 | B451: =A451*0.03 -> 13.44 | C451: =C450 -> 50 | D451: =D450 -> 300 | E451: =E450 -> 161.66667 | F451: =F450+1 -> 482.60001 | J451: 217 | K451: 425.60001 | L451: a
A452: 449 | B452: =A452*0.03 -> 13.47 | C452: =C451 -> 50 | D452: =D451 -> 300 | E452: =E451 -> 161.66667 | F452: =F451+1 -> 483.60001 | J452: 217 | K452: 426.60001 | L452: a
A453: 450 | B453: =A453*0.03 -> 13.5 | C453: =C452 -> 50 | D453: =D452 -> 300 | E453: =E452 -> 161.66667 | F453: =F452+1 -> 484.60001 | J453: 217 | K453: 427.60001 | L453: a
A454: 451 | B454: =A454*0.03 -> 13.53 | C454: =C453 -> 50 | D454: =D453 -> 300 | E454: =E453 -> 161.66667 | F454: =F453+1 -> 485.60001 | J454: 217 | K454: 428.60001 | L454: a
A455: 452 | B455: =A455*0.03 -> 13.56 | C455: =C454 -> 50 | D455: =D454 -> 300 | E455: =E454 -> 161.66667 | F455: =F454+1 -> 486.60001 | J455: 217 | K455: 429.60001 | L455: a
A456: 453 | B456: =A456*0.03 -> 13.59 | C456: =C455 -> 50 | D456: =D455 -> 300 | E456: =E455 -> 161.66667 | F456: =F455+1 -> 487.60001 | J456: 217 | K456: 429.60001 | L456: a
... A485: 482 | B485: =A485*0.03 -> 14.46 | C485: =C484 -> 50 | D485: =D484 -> 300 | E485: =E484 -> 161.66667 | F485: =F484+1 -> 516.60001 | J485: 218 | K485: 453.6 | L485: a
J486: 218 | K486: 454.6 | L486: a
J487: 218 | K487: 455.6 | L487: a
J488: 218 | K488: 456.6 | L488: a
J489: 218 | K489: 457.6 | L489: a
J490: 218 | K490: 457.6 | L490: a
J491: 218 | K491: 458.6 | L491: a
J492: 218 | K492: 459.6 | L492: a
J493: 218 | K493: 460.6 | L493: a
J494: 218 | K494: 461.6 | L494: a
J495: 218 | K495: 462.6 | L495: a
J496: 218 | K496: 463.6 | L496: a
J497: 218 | K497: 464.6 | L497: a
... J508: 218 | K508: 473.6 | L508: a

Sheet 60
G1: Max1 | H1: Max2 | I1: Max 3 | J1: Kiri | AG1: Max1 | AH1: Max2 | AI1: Max 3
G2: =MAX(G4:G485) -> 37.333333 | H2: =MAX(H4:H485) -> 36.333333 | I2: =MAX(I4:I485) -> 35.333333 | AG2: =MAX(AG4:AG485) -> 41 | AH2: =MAX(AH4:AH485) -> 40 | AI2: =MAX(AI4:AI485) -> 40
B3: t | C3: gangg x | D3: gangg y | E3: Ux | F3: Uy | G3: Simpangan 1 | H3: Simpangan 2 | I3: Simpangan 3 | J3: x | K3: y | L3: z | T3: x | U3: y | V3: z | AC3: gangg x | AD3: gangg y | AE3: Ux | AF3: Uy | AG3: Simpangan 1 | AH3: Simpangan 2 | AI3: Simpangan 3
A4: 1 | B4: =A4*0.03 -> 0.03 | C4: =50 -> 50 | D4: 300 | E4: =AVERAGE(J4,M4,P4) -> 173.66667 | F4: =MIN(K4,N4,Q4) -> 42.600006 | G4: =J4-E4 -> -1.6666667 | H4: =M4-E4 -> 0.33333333 | I4: =P4-E4 -> 1.3333333 | J4: 172 | K4: 42.600006 | L4: a | M4: 174 | N4: 45.600006 | O4: b | P4: 175 | Q4: 43.600006 | R4: c | T4: 233 | U4: 35.600006 | V4: a | W4: 237 | X4: 33.600006 | Y4: b | Z4: 229 | AA4: 33.600006 | AB4: c | AC4: =350 -> 350 | AD4: 350 | AE4: =AVERAGE(T4,W4,Z4) -> 233 | AF4: =MIN(U4,X4,AA4) -> 33.600006 | AG4: =AE4-T4 -> 0 | AH4: =AE4-W4 -> -4 | AI4: =AE4-Z4 -> 4
A5: 2 | B5: =A5*0.03 -> 0.06 | C5: =C4 -> 50 | D5: =D4 -> 300 | E5: =E4 -> 173.66667 | F5: =F4+1 -> 43.600006 | G5: =J5-E5 -> -1.6666667 | H5: =M5-E5 -> 0.33333333 | I5: =P5-E5 -> 0.33333333 | J5: 172 | K5: 43.600006 | L5: a | M5: 174 | N5: 45.600006 | O5: b | P5: 174 | Q5: 45.600006 | R5: c | T5: 233 | U5: 36.600006 | V5: a | W5: 237 | X5: 34.600006 | Y5: b | Z5: 229 | AA5: 34.600006 | AB5: c | AC5: =AC4 -> 350 | AD5: =AD4 -> 350 | AE5: =AE4 -> 233 | AF5: =AF4+2 -> 35.600006 | AG5: =AE5-T5 -> 0 | AH5: =AE5-W5 -> -4 | AI5: =AE5-Z5 -> 4
A6: 3 | B6: =A6*0.03 -> 0.09 | C6: =C5 -> 50 | D6: =D5 -> 300 | E6: =E5 -> 173.66667 | F6: =F5+1 -> 44.600006 | G6: =J6-E6 -> -1.6666667 | H6: =M6-E6 -> 0.33333333 | I6: =P6-E6 -> -0.66666667 | J6: 172 | K6: 44.600006 | L6: a | M6: 174 | N6: 47.600006 | O6: b | P6: 173 | Q6: 46.600006 | R6: c | T6: 233 | U6: 37.600006 | V6: a | W6: 237 | X6: 35.600006 | Y6: b | Z6: 229 | AA6: 35.600006 | AB6: c | AC6: =AC5 -> 350 | AD6: =AD5 -> 350 | AE6: =AE5 -> 233 | AF6: =AF5+2 -> 37.600006 | AG6: =AE6-T6 -> 0 | AH6: =AE6-W6 -> -4 | AI6: =AE6-Z6 -> 4
A7: 4 | B7: =A7*0.03 -> 0.12 | C7: =C6 -> 50 | D7: =D6 -> 300 | E7: =E6 -> 173.66667 | F7: =F6+1 -> 45.600006 | G7: =J7-E7 -> -1.6666667 | H7: =M7-E7 -> 0.33333333 | I7: =P7-E7 -> -0.66666667 | J7: 172 | K7: 45.600006 | L7: a | M7: 174 | N7: 49.600006 | O7: b | P7: 173 | Q7: 49.600006 | R7: c | T7: 233 | U7: 37.600006 | V7: a | W7: 237 | X7: 36.600006 | Y7: b | Z7: 230 | AA7: 37.600006 | AB7: c | AC7: =AC6 -> 350 | AD7: =AD6 -> 350 | AE7: =AE6 -> 233 | AF7: =AF6+2 -> 39.600006 | AG7: =AE7-T7 -> 0 | AH7: =AE7-W7 -> -4 | AI7: =AE7-Z7 -> 3
A8: 5 | B8: =A8*0.03 -> 0.15 | C8: =C7 -> 50 | D8: =D7 -> 300 | E8: =E7 -> 173.66667 | F8: =F7+1 -> 46.600006 | G8: =J8-E8 -> -1.6666667 | H8: =M8-E8 -> 0.33333333 | I8: =P8-E8 -> -0.66666667 | J8: 172 | K8: 45.600006 | L8: a | M8: 174 | N8: 50.600006 | O8: b | P8: 173 | Q8: 50.600006 | R8: c | T8: 233 | U8: 38.600006 | V8: a | W8: 237 | X8: 37.600006 | Y8: b | Z8: 230 | AA8: 39.600006 | AB8: c | AC8: =AC7 -> 350 | AD8: =AD7 -> 350 | AE8: =AE7 -> 233 | AF8: =AF7+2 -> 41.600006 | AG8: =AE8-T8 -> 0 | AH8: =AE8-W8 -> -4 | AI8: =AE8-Z8 -> 3
A9: 6 | B9: =A9*0.03 -> 0.18 | C9: =C8 -> 50 | D9: =D8 -> 300 | E9: =E8 -> 173.66667 | F9: =F8+1 -> 47.600006 | G9: =J9-E9 -> -1.6666667 | H9: =M9-E9 -> 0.33333333 | I9: =P9-E9 -> -1.6666667 | J9: 172 | K9: 46.600006 | L9: a | M9: 174 | N9: 52.600006 | O9: b | P9: 172 | Q9: 52.600006 | R9: c | T9: 233 | U9: 39.600006 | V9: a | W9: 237 | X9: 37.600006 | Y9: b | Z9: 231 | AA9: 42.600006 | AB9: c | AC9: =AC8 -> 350 | AD9: =AD8 -> 350 | AE9: =AE8 -> 233 | AF9: =AF8+2 -> 43.600006 | AG9: =AE9-T9 -> 0 | AH9: =AE9-W9 -> -4 | AI9: =AE9-Z9 -> 2
A10: 7 | B10: =A10*0.03 -> 0.21 | C10: =C9 -> 50 | D10: =D9 -> 300 | E10: =E9 -> 173.66667 | F10: =F9+1 -> 48.600006 | G10: =J10-E10 -> -1.6666667 | H10: =M10-E10 -> 0.33333333 | I10: =P10-E10 -> -1.6666667 | J10: 172 | K10: 47.600006 | L10: a | M10: 174 | N10: 53.600006 | O10: b | P10: 172 | Q10: 53.600006 | R10: c | T10: 233 | U10: 40.600006 | V10: a | W10: 237 | X10: 38.600006 | Y10: b | Z10: 231 | AA10: 44.600006 | AB10: c | AC10: =AC9 -> 350 | AD10: =AD9 -> 350 | AE10: =AE9 -> 233 | AF10: =AF9+2 -> 45.600006 | AG10: =AE10-T10 -> 0 | AH10: =AE10-W10 -> -4 | AI10: =AE10-Z10 -> 2
A11: 8 | B11: =A11*0.03 -> 0.24 | C11: =C10 -> 50 | D11: =D10 -> 300 | E11: =E10 -> 173.66667 | F11: =F10+1 -> 49.600006 | G11: =J11-E11 -> -1.6666667 | H11: =M11-E11 -> 0.33333333 | I11: =P11-E11 -> -1.6666667 | J11: 172 | K11: 48.600006 | L11: a | M11: 174 | N11: 54.600006 | O11: b | P11: 172 | Q11: 53.600006 | R11: c | T11: 233 | U11: 41.600006 | V11: a | W11: 237 | X11: 39.600006 | Y11: b | Z11: 231 | AA11: 45.600006 | AB11: c | AC11: =AC10 -> 350 | AD11: =AD10 -> 350 | AE11: =AE10 -> 233 | AF11: =AF10+2 -> 47.600006 | AG11: =AE11-T11 -> 0 | AH11: =AE11-W11 -> -4 | AI11: =AE11-Z11 -> 2
A12: 9 | B12: =A12*0.03 -> 0.27 | C12: =C11 -> 50 | D12: =D11 -> 300 | E12: =E11 -> 173.66667 | F12: =F11+1 -> 50.600006 | G12: =J12-E12 -> -1.6666667 | H12: =M12-E12 -> 0.33333333 | I12: =P12-E12 -> -1.6666667 | J12: 172 | K12: 49.600006 | L12: a | M12: 174 | N12: 55.600006 | O12: b | P12: 172 | Q12: 54.600006 | R12: c | T12: 233 | U12: 41.600006 | V12: a | W12: 237 | X12: 41.600006 | Y12: b | Z12: 231 | AA12: 46.600006 | AB12: c | AC12: =AC11 -> 350 | AD12: =AD11 -> 350 | AE12: =AE11 -> 233 | AF12: =AF11+2 -> 49.600006 | AG12: =AE12-T12 -> 0 | AH12: =AE12-W12 -> -4 | AI12: =AE12-Z12 -> 2
A13: 10 | B13: =A13*0.03 -> 0.3 | C13: =C12 -> 50 | D13: =D12 -> 300 | E13: =E12 -> 173.66667 | F13: =F12+1 -> 51.600006 | G13: =J13-E13 -> -1.6666667 | H13: =M13-E13 -> 0.33333333 | I13: =P13-E13 -> -1.6666667 | J13: 172 | K13: 49.600006 | L13: a | M13: 174 | N13: 56.600006 | O13: b | P13: 172 | Q13: 55.600006 | R13: c | T13: 233 | U13: 42.600006 | V13: a | W13: 237 | X13: 41.600006 | Y13: b | Z13: 232 | AA13: 49.600006 | AB13: c | AC13: =AC12 -> 350 | AD13: =AD12 -> 350 | AE13: =AE12 -> 233 | AF13: =AF12+2 -> 51.600006 | AG13: =AE13-T13 -> 0 | AH13: =AE13-W13 -> -4 | AI13: =AE13-Z13 -> 1
A14: 11 | B14: =A14*0.03 -> 0.33 | C14: =C13 -> 50 | D14: =D13 -> 300 | E14: =E13 -> 173.66667 | F14: =F13+1 -> 52.600006 | G14: =J14-E14 -> -1.6666667 | H14: =M14-E14 -> 0.33333333 | I14: =P14-E14 -> -1.6666667 | J14: 172 | K14: 50.600006 | L14: a | M14: 174 | N14: 57.600006 | O14: b | P14: 172 | Q14: 56.600006 | R14: c | T14: 233 | U14: 43.600006 | V14: a | W14: 237 | X14: 42.600006 | Y14: b | Z14: 232 | AA14: 52.600006 | AB14: c | AC14: =AC13 -> 350 | AD14: =AD13 -> 350 | AE14: =AE13 -> 233 | AF14: =AF13+2 -> 53.600006 | AG14: =AE14-T14 -> 0 | AH14: =AE14-W14 -> -4 | AI14: =AE14-Z14 -> 1
A15: 12 | B15: =A15*0.03 -> 0.36 | C15: =C14 -> 50 | D15: =D14 -> 300 | E15: =E14 -> 173.66667 | F15: =F14+1 -> 53.600006 | G15: =J15-E15 -> -1.6666667 | H15: =M15-E15 -> 0.33333333 | I15: =P15-E15 -> -1.6666667 | J15: 172 | K15: 51.600006 | L15: a | M15: 174 | N15: 57.600006 | O15: b | P15: 172 | Q15: 57.600006 | R15: c | T15: 233 | U15: 44.600006 | V15: a | W15: 237 | X15: 43.600006 | Y15: b | Z15: 232 | AA15: 53.600006 | AB15: c | AC15: =AC14 -> 350 | AD15: =AD14 -> 350 | AE15: =AE14 -> 233 | AF15: =AF14+2 -> 55.600006 | AG15: =AE15-T15 -> 0 | AH15: =AE15-W15 -> -4 | AI15: =AE15-Z15 -> 1
A16: 13 | B16: =A16*0.03 -> 0.39 | C16: =C15 -> 50 | D16: =D15 -> 300 | E16: =E15 -> 173.66667 | F16: =F15+1 -> 54.600006 | G16: =J16-E16 -> -0.66666667 | H16: =M16-E16 -> 0.33333333 | I16: =P16-E16 -> -1.6666667 | J16: 173 | K16: 51.600006 | L16: a | M16: 174 | N16: 58.600006 | O16: b | P16: 172 | Q16: 57.600006 | R16: c | T16: 233 | U16: 45.600006 | V16: a | W16: 237 | X16: 43.600006 | Y16: b | Z16: 232 | AA16: 55.600006 | AB16: c | AC16: =AC15 -> 350 | AD16: =AD15 -> 350 | AE16: =AE15 -> 233 | AF16: =AF15+2 -> 57.600006 | AG16: =AE16-T16 -> 0 | AH16: =AE16-W16 -> -4 | AI16: =AE16-Z16 -> 1
... A254: 251 | B254: =A254*0.03 -> 7.53 | C254: =C253 -> 50 | D254: =D253 -> 300 | E254: =E253 -> 173.66667 | F254: =F253+1 -> 292.60001 | G254: =J254-E254 -> 35.333333 | H254: =M254-E254 -> 36.333333 | I254: =P254-E254 -> 35.333333 | J254: 209 | K254: 385.60001 | L254: a | M254: 210 | N254: 369.60001 | O254: b | P254: 209 | Q254: 485.6 | R254: c | T254: 197 | U254: 271.60001 | V254: a | W254: 217 | X254: 208.60001 | Y254: b | Z254: 195 | AA254: 345.60001 | AB254: c | AC254: =AC253 -> 350 | AD254: =AD253 -> 350 | AE254: =AE253 -> 233 | AF254: =AF253+2 -> 533.60001 | AG254: =AE254-T254 -> 36 | AH254: =AE254-W254 -> 16 | AI254: =AE254-Z254 -> 38
A255: 252 | B255: =A255*0.03 -> 7.56 | C255: =C254 -> 50 | D255: =D254 -> 300 | E255: =E254 -> 173.66667 | F255: =F254+1 -> 293.60001 | G255: =J255-E255 -> 35.333333 | H255: =M255-E255 -> 36.333333 | J255: 209 | K255: 386.60001 | L255: a | M255: 210 | N255: 369.60001 | O255: b | T255: 196 | U255: 272.60001 | V255: a | W255: 217 | X255: 209.60001 | Y255: b | Z255: 195 | AA255: 346.60001 | AB255: c | AC255: =AC254 -> 350 | AD255: =AD254 -> 350 | AE255: =AE254 -> 233 | AF255: =AF254+2 -> 535.60001 | AG255: =AE255-T255 -> 37 | AH255: =AE255-W255 -> 16 | AI255: =AE255-Z255 -> 38
A256: 253 | B256: =A256*0.03 -> 7.59 | C256: =C255 -> 50 | D256: =D255 -> 300 | E256: =E255 -> 173.66667 | F256: =F255+1 -> 294.60001 | G256: =J256-E256 -> 35.333333 | H256: =M256-E256 -> 36.333333 | J256: 209 | K256: 389.60001 | L256: a | M256: 210 | N256: 370.60001 | O256: b | T256: 196 | U256: 273.60001 | V256: a | W256: 216 | X256: 209.60001 | Y256: b | Z256: 195 | AA256: 347.60001 | AB256: c | AC256: =AC255 -> 350 | AD256: =AD255 -> 350 | AE256: =AE255 -> 233 | AF256: =AF255+2 -> 537.60001 | AG256: =AE256-T256 -> 37 | AH256: =AE256-W256 -> 17 | AI256: =AE256-Z256 -> 38
A257: 254 | B257: =A257*0.03 -> 7.62 | C257: =C256 -> 50 | D257: =D256 -> 300 | E257: =E256 -> 173.66667 | F257: =F256+1 -> 295.60001 | G257: =J257-E257 -> 35.333333 | H257: =M257-E257 -> 36.333333 | J257: 209 | K257: 389.60001 | L257: a | M257: 210 | N257: 371.60001 | O257: b | T257: 196 | U257: 274.60001 | V257: a | W257: 215 | X257: 209.60001 | Y257: b | Z257: 195 | AA257: 348.60001 | AB257: c | AC257: =AC256 -> 350 | AD257: =AD256 -> 350 | AE257: =AE256 -> 233 | AF257: =AF256+2 -> 539.60001 | AG257: =AE257-T257 -> 37 | AH257: =AE257-W257 -> 18 | AI257: =AE257-Z257 -> 38
A258: 255 | B258: =A258*0.03 -> 7.65 | C258: =C257 -> 50 | D258: =D257 -> 300 | E258: =E257 -> 173.66667 | F258: =F257+1 -> 296.60001 | G258: =J258-E258 -> 35.333333 | H258: =M258-E258 -> 36.333333 | J258: 209 | K258: 390.60001 | L258: a | M258: 210 | N258: 372.60001 | O258: b | T258: 195 | U258: 275.60001 | V258: a | W258: 215 | X258: 209.60001 | Y258: b | Z258: 195 | AA258: 349.60001 | AB258: c | AC258: =AC257 -> 350 | AD258: =AD257 -> 350 | AE258: =AE257 -> 233 | AF258: =AF257+2 -> 541.60001 | AG258: =AE258-T258 -> 38 | AH258: =AE258-W258 -> 18 | AI258: =AE258-Z258 -> 38
A259: 256 | B259: =A259*0.03 -> 7.68 | C259: =C258 -> 50 | D259: =D258 -> 300 | E259: =E258 -> 173.66667 | F259: =F258+1 -> 297.60001 | G259: =J259-E259 -> 35.333333 | H259: =M259-E259 -> 36.333333 | J259: 209 | K259: 392.60001 | L259: a | M259: 210 | N259: 373.60001 | O259: b | T259: 195 | U259: 276.60001 | V259: a | W259: 215 | X259: 210.60001 | Y259: b | Z259: 195 | AA259: 349.60001 | AB259: c | AC259: =AC258 -> 350 | AD259: =AD258 -> 350 | AE259: =AE258 -> 233 | AF259: =AF258+2 -> 543.60001 | AG259: =AE259-T259 -> 38 | AH259: =AE259-W259 -> 18 | AI259: =AE259-Z259 -> 38
A260: 257 | B260: =A260*0.03 -> 7.71 | C260: =C259 -> 50 | D260: =D259 -> 300 | E260: =E259 -> 173.66667 | F260: =F259+1 -> 298.60001 | G260: =J260-E260 -> 35.333333 | H260: =M260-E260 -> 36.333333 | J260: 209 | K260: 393.60001 | L260: a | M260: 210 | N260: 373.60001 | O260: b | T260: 195 | U260: 277.60001 | V260: a | W260: 214 | X260: 210.60001 | Y260: b | Z260: 195 | AA260: 350.60001 | AB260: c | AC260: =AC259 -> 350 | AD260: =AD259 -> 350 | AE260: =AE259 -> 233 | AF260: =AF259+2 -> 545.60001 | AG260: =AE260-T260 -> 38 | AH260: =AE260-W260 -> 19 | AI260: =AE260-Z260 -> 38
A261: 258 | B261: =A261*0.03 -> 7.74 | C261: =C260 -> 50 | D261: =D260 -> 300 | E261: =E260 -> 173.66667 | F261: =F260+1 -> 299.60001 | G261: =J261-E261 -> 35.333333 | H261: =M261-E261 -> 36.333333 | J261: 209 | K261: 394.60001 | L261: a | M261: 210 | N261: 375.60001 | O261: b | T261: 195 | U261: 277.60001 | V261: a | W261: 213 | X261: 211.60001 | Y261: b | Z261: 195 | AA261: 351.60001 | AB261: c | AC261: =AC260 -> 350 | AD261: =AD260 -> 350 | AE261: =AE260 -> 233 | AF261: =AF260+2 -> 547.60001 | AG261: =AE261-T261 -> 38 | AH261: =AE261-W261 -> 20 | AI261: =AE261-Z261 -> 38
A262: 259 | B262: =A262*0.03 -> 7.77 | C262: =C261 -> 50 | D262: =D261 -> 300 | E262: =E261 -> 173.66667 | F262: =F261+1 -> 300.60001 | G262: =J262-E262 -> 35.333333 | H262: =M262-E262 -> 35.333333 | J262: 209 | K262: 397.60001 | L262: a | M262: 209 | N262: 376.60001 | O262: b | T262: 194 | U262: 277.60001 | V262: a | W262: 213 | X262: 212.60001 | Y262: b | Z262: 195 | AA262: 352.60001 | AB262: c | AC262: =AC261 -> 350 | AD262: =AD261 -> 350 | AE262: =AE261 -> 233 | AF262: =AF261+2 -> 549.60001 | AG262: =AE262-T262 -> 39 | AH262: =AE262-W262 -> 20 | AI262: =AE262-Z262 -> 38
A263: 260 | B263: =A263*0.03 -> 7.8 | C263: =C262 -> 50 | D263: =D262 -> 300 | E263: =E262 -> 173.66667 | F263: =F262+1 -> 301.60001 | G263: =J263-E263 -> 35.333333 | H263: =M263-E263 -> 35.333333 | J263: 209 | K263: 398.60001 | L263: a | M263: 209 | N263: 377.60001 | O263: b | T263: 194 | U263: 278.60001 | V263: a | W263: 213 | X263: 213.60001 | Y263: b | Z263: 195 | AA263: 353.60001 | AB263: c | AC263: =AC262 -> 350 | AD263: =AD262 -> 350 | AE263: =AE262 -> 233 | AF263: =AF262+2 -> 551.60001 | AG263: =AE263-T263 -> 39 | AH263: =AE263-W263 -> 20 | AI263: =AE263-Z263 -> 38
A264: 261 | B264: =A264*0.03 -> 7.83 | C264: =C263 -> 50 | D264: =D263 -> 300 | E264: =E263 -> 173.66667 | F264: =F263+1 -> 302.60001 | G264: =J264-E264 -> 35.333333 | H264: =M264-E264 -> 35.333333 | J264: 209 | K264: 400.60001 | L264: a | M264: 209 | N264: 378.60001 | O264: b | T264: 194 | U264: 279.60001 | V264: a | W264: 213 | X264: 213.60001 | Y264: b | Z264: 195 | AA264: 354.60001 | AB264: c | AC264: =AC263 -> 350 | AD264: =AD263 -> 350 | AE264: =AE263 -> 233 | AF264: =AF263+2 -> 553.60001 | AG264: =AE264-T264 -> 39 | AH264: =AE264-W264 -> 20 | AI264: =AE264-Z264 -> 38
A265: 262 | B265: =A265*0.03 -> 7.86 | C265: =C264 -> 50 | D265: =D264 -> 300 | E265: =E264 -> 173.66667 | F265: =F264+1 -> 303.60001 | G265: =J265-E265 -> 35.333333 | H265: =M265-E265 -> 35.333333 | J265: 209 | K265: 401.60001 | L265: a | M265: 209 | N265: 379.60001 | O265: b | T265: 194 | U265: 280.60001 | V265: a | W265: 212 | X265: 213.60001 | Y265: b | Z265: 195 | AA265: 355.60001 | AB265: c | AC265: =AC264 -> 350 | AD265: =AD264 -> 350 | AE265: =AE264 -> 233 | AF265: =AF264+2 -> 555.60001 | AG265: =AE265-T265 -> 39 | AH265: =AE265-W265 -> 21 | AI265: =AE265-Z265 -> 38
A266: 263 | B266: =A266*0.03 -> 7.89 | C266: =C265 -> 50 | D266: =D265 -> 300 | E266: =E265 -> 173.66667 | F266: =F265+1 -> 304.60001 | G266: =J266-E266 -> 35.333333 | H266: =M266-E266 -> 35.333333 | J266: 209 | K266: 403.60001 | L266: a | M266: 209 | N266: 380.60001 | O266: b | T266: 194 | U266: 281.60001 | V266: a | W266: 212 | X266: 214.60001 | Y266: b | Z266: 195 | AA266: 356.60001 | AB266: c | AC266: =AC265 -> 350 | AD266: =AD265 -> 350 | AE266: =AE265 -> 233 | AF266: =AF265+2 -> 557.60001 | AG266: =AE266-T266 -> 39 | AH266: =AE266-W266 -> 21 | AI266: =AE266-Z266 -> 38
... A322: 319 | B322: =A322*0.03 -> 9.57 | C322: =C321 -> 50 | D322: =D321 -> 300 | E322: =E321 -> 173.66667 | F322: =F321+1 -> 360.60001 | G322: =J322-E322 -> 32.333333 | H322: =M322-E322 -> 24.333333 | J322: 206 | K322: 484.6 | L322: a | M322: 198 | N322: 463.6 | O322: b | T322: 193 | U322: 331.60001 | V322: a | W322: 199 | X322: 261.60001 | Y322: b | Z322: 193 | AA322: 413.60001 | AB322: c | AC322: =AC321 -> 350 | AD322: =AD321 -> 350 | AE322: =AE321 -> 233 | AF322: =AF321+2 -> 669.60001 | AG322: =AE322-T322 -> 40 | AH322: =AE322-W322 -> 34 | AI322: =AE322-Z322 -> 40
A323: 320 | B323: =A323*0.03 -> 9.6 | C323: =C322 -> 50 | D323: =D322 -> 300 | E323: =E322 -> 173.66667 | F323: =F322+1 -> 361.60001 | H323: =M323-E323 -> 24.333333 | M323: 198 | N323: 464.6 | O323: b | T323: 193 | U323: 333.60001 | V323: a | W323: 199 | X323: 261.60001 | Y323: b | Z323: 193 | AA323: 414.60001 | AB323: c | AC323: =AC322 -> 350 | AD323: =AD322 -> 350 | AE323: =AE322 -> 233 | AF323: =AF322+2 -> 671.60001 | AG323: =AE323-T323 -> 40 | AH323: =AE323-W323 -> 34 | AI323: =AE323-Z323 -> 40
A324: 321 | B324: =A324*0.03 -> 9.63 | C324: =C323 -> 50 | D324: =D323 -> 300 | E324: =E323 -> 173.66667 | F324: =F323+1 -> 362.60001 | H324: =M324-E324 -> 24.333333 | M324: 198 | N324: 465.6 | O324: b | T324: 193 | U324: 333.60001 | V324: a | W324: 199 | X324: 262.60001 | Y324: b | Z324: 193 | AA324: 415.60001 | AB324: c | AC324: =AC323 -> 350 | AD324: =AD323 -> 350 | AE324: =AE323 -> 233 | AF324: =AF323+2 -> 673.60001 | AG324: =AE324-T324 -> 40 | AH324: =AE324-W324 -> 34 | AI324: =AE324-Z324 -> 40
A325: 322 | B325: =A325*0.03 -> 9.66 | C325: =C324 -> 50 | D325: =D324 -> 300 | E325: =E324 -> 173.66667 | F325: =F324+1 -> 363.60001 | H325: =M325-E325 -> 24.333333 | M325: 198 | N325: 466.6 | O325: b | T325: 193 | U325: 335.60001 | V325: a | W325: 198 | X325: 263.60001 | Y325: b | Z325: 193 | AA325: 416.60001 | AB325: c | AC325: =AC324 -> 350 | AD325: =AD324 -> 350 | AE325: =AE324 -> 233 | AF325: =AF324+2 -> 675.60001 | AG325: =AE325-T325 -> 40 | AH325: =AE325-W325 -> 35 | AI325: =AE325-Z325 -> 40
A326: 323 | B326: =A326*0.03 -> 9.69 | C326: =C325 -> 50 | D326: =D325 -> 300 | E326: =E325 -> 173.66667 | F326: =F325+1 -> 364.60001 | H326: =M326-E326 -> 24.333333 | M326: 198 | N326: 467.6 | O326: b | T326: 193 | U326: 337.60001 | V326: a | W326: 198 | X326: 264.60001 | Y326: b | Z326: 193 | AA326: 417.60001 | AB326: c | AC326: =AC325 -> 350 | AD326: =AD325 -> 350 | AE326: =AE325 -> 233 | AF326: =AF325+2 -> 677.60001 | AG326: =AE326-T326 -> 40 | AH326: =AE326-W326 -> 35 | AI326: =AE326-Z326 -> 40
A327: 324 | B327: =A327*0.03 -> 9.72 | C327: =C326 -> 50 | D327: =D326 -> 300 | E327: =E326 -> 173.66667 | F327: =F326+1 -> 365.60001 | H327: =M327-E327 -> 24.333333 | M327: 198 | N327: 469.6 | O327: b | T327: 193 | U327: 337.60001 | V327: a | W327: 198 | X327: 265.60001 | Y327: b | Z327: 193 | AA327: 417.60001 | AB327: c | AC327: =AC326 -> 350 | AD327: =AD326 -> 350 | AE327: =AE326 -> 233 | AF327: =AF326+2 -> 679.60001 | AG327: =AE327-T327 -> 40 | AH327: =AE327-W327 -> 35 | AI327: =AE327-Z327 -> 40
A328: 325 | B328: =A328*0.03 -> 9.75 | C328: =C327 -> 50 | D328: =D327 -> 300 | E328: =E327 -> 173.66667 | F328: =F327+1 -> 366.60001 | H328: =M328-E328 -> 24.333333 | M328: 198 | N328: 470.6 | O328: b | T328: 193 | U328: 340.60001 | V328: a | W328: 198 | X328: 265.60001 | Y328: b | Z328: 193 | AA328: 418.60001 | AB328: c | AC328: =AC327 -> 350 | AD328: =AD327 -> 350 | AE328: =AE327 -> 233 | AF328: =AF327+2 -> 681.60001 | AG328: =AE328-T328 -> 40 | AH328: =AE328-W328 -> 35 | AI328: =AE328-Z328 -> 40
A329: 326 | B329: =A329*0.03 -> 9.78 | C329: =C328 -> 50 | D329: =D328 -> 300 | E329: =E328 -> 173.66667 | F329: =F328+1 -> 367.60001 | H329: =M329-E329 -> 24.333333 | M329: 198 | N329: 471.6 | O329: b | T329: 194 | U329: 341.60001 | V329: a | W329: 198 | X329: 266.60001 | Y329: b | Z329: 193 | AA329: 420.60001 | AB329: c | AC329: =AC328 -> 350 | AD329: =AD328 -> 350 | AE329: =AE328 -> 233 | AF329: =AF328+2 -> 683.60001 | AG329: =AE329-T329 -> 39 | AH329: =AE329-W329 -> 35 | AI329: =AE329-Z329 -> 40
A330: 327 | B330: =A330*0.03 -> 9.81 | C330: =C329 -> 50 | D330: =D329 -> 300 | E330: =E329 -> 173.66667 | F330: =F329+1 -> 368.60001 | H330: =M330-E330 -> 24.333333 | M330: 198 | N330: 472.6 | O330: b | T330: 194 | U330: 342.60001 | V330: a | W330: 197 | X330: 267.60001 | Y330: b | Z330: 193 | AA330: 421.60001 | AB330: c | AC330: =AC329 -> 350 | AD330: =AD329 -> 350 | AE330: =AE329 -> 233 | AF330: =AF329+2 -> 685.60001 | AG330: =AE330-T330 -> 39 | AH330: =AE330-W330 -> 36 | AI330: =AE330-Z330 -> 40
A331: 328 | B331: =A331*0.03 -> 9.84 | C331: =C330 -> 50 | D331: =D330 -> 300 | E331: =E330 -> 173.66667 | F331: =F330+1 -> 369.60001 | H331: =M331-E331 -> 24.333333 | M331: 198 | N331: 473.6 | O331: b | T331: 194 | U331: 343.60001 | V331: a | W331: 197 | X331: 268.60001 | Y331: b | Z331: 193 | AA331: 421.60001 | AB331: c | AC331: =AC330 -> 350 | AD331: =AD330 -> 350 | AE331: =AE330 -> 233 | AF331: =AF330+2 -> 687.60001 | AG331: =AE331-T331 -> 39 | AH331: =AE331-W331 -> 36 | AI331: =AE331-Z331 -> 40
A332: 329 | B332: =A332*0.03 -> 9.87 | C332: =C331 -> 50 | D332: =D331 -> 300 | E332: =E331 -> 173.66667 | F332: =F331+1 -> 370.60001 | H332: =M332-E332 -> 24.333333 | M332: 198 | N332: 473.6 | O332: b | T332: 194 | U332: 345.60001 | V332: a | W332: 197 | X332: 269.60001 | Y332: b | Z332: 193 | AA332: 422.60001 | AB332: c | AC332: =AC331 -> 350 | AD332: =AD331 -> 350 | AE332: =AE331 -> 233 | AF332: =AF331+2 -> 689.60001 | AG332: =AE332-T332 -> 39 | AH332: =AE332-W332 -> 36 | AI332: =AE332-Z332 -> 40
A333: 330 | B333: =A333*0.03 -> 9.9 | C333: =C332 -> 50 | D333: =D332 -> 300 | E333: =E332 -> 173.66667 | F333: =F332+1 -> 371.60001 | H333: =M333-E333 -> 23.333333 | M333: 197 | N333: 473.6 | O333: b | T333: 194 | U333: 346.60001 | V333: a | W333: 197 | X333: 269.60001 | Y333: b | Z333: 193 | AA333: 423.60001 | AB333: c | AC333: =AC332 -> 350 | AD333: =AD332 -> 350 | AE333: =AE332 -> 233 | AF333: =AF332+2 -> 691.60001 | AG333: =AE333-T333 -> 39 | AH333: =AE333-W333 -> 36 | AI333: =AE333-Z333 -> 40
A334: 331 | B334: =A334*0.03 -> 9.93 | C334: =C333 -> 50 | D334: =D333 -> 300 | E334: =E333 -> 173.66667 | F334: =F333+1 -> 372.60001 | H334: =M334-E334 -> 23.333333 | M334: 197 | N334: 474.6 | O334: b | T334: 194 | U334: 348.60001 | V334: a | W334: 197 | X334: 270.60001 | Y334: b | Z334: 193 | AA334: 425.60001 | AB334: c | AC334: =AC333 -> 350 | AD334: =AD333 -> 350 | AE334: =AE333 -> 233 | AF334: =AF333+2 -> 693.60001 | AG334: =AE334-T334 -> 39 | AH334: =AE334-W334 -> 36 | AI334: =AE334-Z334 -> 40
... A350: 347 | B350: =A350*0.03 -> 10.41 | C350: =C349 -> 50 | D350: =D349 -> 300 | E350: =E349 -> 173.66667 | F350: =F349+1 -> 388.60001 | H350: =M350-E350 -> 22.333333 | M350: 196 | N350: 485.6 | O350: b | T350: 197 | U350: 373.60001 | V350: a | W350: 193 | X350: 288.60001 | Y350: b | Z350: 193 | AA350: 439.6 | AB350: c | AC350: =AC349 -> 350 | AD350: =AD349 -> 350 | AE350: =AE349 -> 233 | AF350: =AF349+2 -> 725.60001 | AG350: =AE350-T350 -> 36 | AH350: =AE350-W350 -> 40 | AI350: =AE350-Z350 -> 40
A351: 348 | B351: =A351*0.03 -> 10.44 | C351: =C350 -> 50 | D351: =D350 -> 300 | E351: =E350 -> 173.66667 | F351: =F350+1 -> 389.60001 | T351: 197 | U351: 374.60001 | V351: a | W351: 193 | X351: 289.60001 | Y351: b | Z351: 193 | AA351: 440.6 | AB351: c | AC351: =AC350 -> 350 | AD351: =AD350 -> 350 | AE351: =AE350 -> 233 | AF351: =AF350+2 -> 727.60001 | AG351: =AE351-T351 -> 36 | AH351: =AE351-W351 -> 40 | AI351: =AE351-Z351 -> 40
A352: 349 | B352: =A352*0.03 -> 10.47 | C352: =C351 -> 50 | D352: =D351 -> 300 | E352: =E351 -> 173.66667 | F352: =F351+1 -> 390.60001 | T352: 197 | U352: 376.60001 | V352: a | W352: 193 | X352: 289.60001 | Y352: b | Z352: 193 | AA352: 441.6 | AB352: c | AC352: =AC351 -> 350 | AD352: =AD351 -> 350 | AE352: =AE351 -> 233 | AF352: =AF351+2 -> 729.60001 | AG352: =AE352-T352 -> 36 | AH352: =AE352-W352 -> 40 | AI352: =AE352-Z352 -> 40
A353: 350 | B353: =A353*0.03 -> 10.5 | C353: =C352 -> 50 | D353: =D352 -> 300 | E353: =E352 -> 173.66667 | F353: =F352+1 -> 391.60001 | T353: 198 | U353: 377.60001 | V353: a | W353: 193 | X353: 291.60001 | Y353: b | Z353: 193 | AA353: 442.6 | AB353: c | AC353: =AC352 -> 350 | AD353: =AD352 -> 350 | AE353: =AE352 -> 233 | AF353: =AF352+2 -> 731.60001 | AG353: =AE353-T353 -> 35 | AH353: =AE353-W353 -> 40 | AI353: =AE353-Z353 -> 40
A354: 351 | B354: =A354*0.03 -> 10.53 | C354: =C353 -> 50 | D354: =D353 -> 300 | E354: =E353 -> 173.66667 | F354: =F353+1 -> 392.60001 | T354: 198 | U354: 379.60001 | V354: a | W354: 193 | X354: 292.60001 | Y354: b | Z354: 193 | AA354: 443.6 | AB354: c | AC354: =AC353 -> 350 | AD354: =AD353 -> 350 | AE354: =AE353 -> 233 | AF354: =AF353+2 -> 733.60001 | AG354: =AE354-T354 -> 35 | AH354: =AE354-W354 -> 40 | AI354: =AE354-Z354 -> 40
A355: 352 | B355: =A355*0.03 -> 10.56 | C355: =C354 -> 50 | D355: =D354 -> 300 | E355: =E354 -> 173.66667 | F355: =F354+1 -> 393.60001 | T355: 198 | U355: 381.60001 | V355: a | W355: 193 | X355: 292.60001 | Y355: b | Z355: 193 | AA355: 444.6 | AB355: c | AC355: =AC354 -> 350 | AD355: =AD354 -> 350 | AE355: =AE354 -> 233 | AF355: =AF354+2 -> 735.60001 | AG355: =AE355-T355 -> 35 | AH355: =AE355-W355 -> 40 | AI355: =AE355-Z355 -> 40
A356: 353 | B356: =A356*0.03 -> 10.59 | C356: =C355 -> 50 | D356: =D355 -> 300 | E356: =E355 -> 173.66667 | F356: =F355+1 -> 394.60001 | T356: 198 | U356: 381.60001 | V356: a | W356: 193 | X356: 293.60001 | Y356: b | Z356: 194 | AA356: 445.6 | AB356: c | AC356: =AC355 -> 350 | AD356: =AD355 -> 350 | AE356: =AE355 -> 233 | AF356: =AF355+2 -> 737.60001 | AG356: =AE356-T356 -> 35 | AH356: =AE356-W356 -> 40 | AI356: =AE356-Z356 -> 39
A357: 354 | B357: =A357*0.03 -> 10.62 | C357: =C356 -> 50 | D357: =D356 -> 300 | E357: =E356 -> 173.66667 | F357: =F356+1 -> 395.60001 | T357: 198 | U357: 384.60001 | V357: a | W357: 193 | X357: 293.60001 | Y357: b | Z357: 194 | AA357: 446.6 | AB357: c | AC357: =AC356 -> 350 | AD357: =AD356 -> 350 | AE357: =AE356 -> 233 | AF357: =AF356+2 -> 739.60001 | AG357: =AE357-T357 -> 35 | AH357: =AE357-W357 -> 40 | AI357: =AE357-Z357 -> 39
A358: 355 | B358: =A358*0.03 -> 10.65 | C358: =C357 -> 50 | D358: =D357 -> 300 | E358: =E357 -> 173.66667 | F358: =F357+1 -> 396.60001 | T358: 198 | U358: 385.60001 | V358: a | W358: 193 | X358: 294.60001 | Y358: b | Z358: 194 | AA358: 447.6 | AB358: c | AC358: =AC357 -> 350 | AD358: =AD357 -> 350 | AE358: =AE357 -> 233 | AF358: =AF357+2 -> 741.60001 | AG358: =AE358-T358 -> 35 | AH358: =AE358-W358 -> 40 | AI358: =AE358-Z358 -> 39
A359: 356 | B359: =A359*0.03 -> 10.68 | C359: =C358 -> 50 | D359: =D358 -> 300 | E359: =E358 -> 173.66667 | F359: =F358+1 -> 397.60001 | T359: 198 | U359: 387.60001 | V359: a | W359: 193 | X359: 295.60001 | Y359: b | Z359: 194 | AA359: 448.6 | AB359: c | AC359: =AC358 -> 350 | AD359: =AD358 -> 350 | AE359: =AE358 -> 233 | AF359: =AF358+2 -> 743.60001 | AG359: =AE359-T359 -> 35 | AH359: =AE359-W359 -> 40 | AI359: =AE359-Z359 -> 39
A360: 357 | B360: =A360*0.03 -> 10.71 | C360: =C359 -> 50 | D360: =D359 -> 300 | E360: =E359 -> 173.66667 | F360: =F359+1 -> 398.60001 | T360: 198 | U360: 389.60001 | V360: a | W360: 193 | X360: 296.60001 | Y360: b | Z360: 194 | AA360: 449.6 | AB360: c | AC360: =AC359 -> 350 | AD360: =AD359 -> 350 | AE360: =AE359 -> 233 | AF360: =AF359+2 -> 745.60001 | AG360: =AE360-T360 -> 35 | AH360: =AE360-W360 -> 40 | AI360: =AE360-Z360 -> 39
A361: 358 | B361: =A361*0.03 -> 10.74 | C361: =C360 -> 50 | D361: =D360 -> 300 | E361: =E360 -> 173.66667 | F361: =F360+1 -> 399.60001 | T361: 198 | U361: 390.60001 | V361: a | W361: 193 | X361: 297.60001 | Y361: b | Z361: 195 | AA361: 449.6 | AB361: c | AC361: =AC360 -> 350 | AD361: =AD360 -> 350 | AE361: =AE360 -> 233 | AF361: =AF360+2 -> 747.60001 | AG361: =AE361-T361 -> 35 | AH361: =AE361-W361 -> 40 | AI361: =AE361-Z361 -> 38
A362: 359 | B362: =A362*0.03 -> 10.77 | C362: =C361 -> 50 | D362: =D361 -> 300 | E362: =E361 -> 173.66667 | F362: =F361+1 -> 400.60001 | T362: 198 | U362: 393.60001 | V362: a | W362: 193 | X362: 297.60001 | Y362: b | Z362: 195 | AA362: 449.6 | AB362: c | AC362: =AC361 -> 350 | AD362: =AD361 -> 350 | AE362: =AE361 -> 233 | AF362: =AF361+2 -> 749.60001 | AG362: =AE362-T362 -> 35 | AH362: =AE362-W362 -> 40 | AI362: =AE362-Z362 -> 38
... A407: 404 | B407: =A407*0.03 -> 12.12 | C407: =C406 -> 50 | D407: =D406 -> 300 | E407: =E406 -> 173.66667 | F407: =F406+1 -> 445.60001 | T407: 209 | U407: 455.6 | V407: a | W407: 193 | X407: 353.60001 | Y407: b | Z407: 195 | AA407: 485.6 | AB407: c | AC407: =AC406 -> 350 | AD407: =AD406 -> 350 | AE407: =AE406 -> 233 | AF407: =AF406+2 -> 839.60001 | AG407: =AE407-T407 -> 24 | AH407: =AE407-W407 -> 40 | AI407: =AE407-Z407 -> 38
A408: 405 | B408: =A408*0.03 -> 12.15 | C408: =C407 -> 50 | D408: =D407 -> 300 | E408: =E407 -> 173.66667 | F408: =F407+1 -> 446.60001 | T408: 209 | U408: 457.6 | V408: a | W408: 193 | X408: 353.60001 | Y408: b | AC408: =AC407 -> 350 | AD408: =AD407 -> 350 | AE408: =AE407 -> 233 | AF408: =AF407+2 -> 841.60001 | AG408: =AE408-T408 -> 24 | AH408: =AE408-W408 -> 40
A409: 406 | B409: =A409*0.03 -> 12.18 | C409: =C408 -> 50 | D409: =D408 -> 300 | E409: =E408 -> 173.66667 | F409: =F408+1 -> 447.60001 | T409: 209 | U409: 458.6 | V409: a | W409: 193 | X409: 355.60001 | Y409: b | AC409: =AC408 -> 350 | AD409: =AD408 -> 350 | AE409: =AE408 -> 233 | AF409: =AF408+2 -> 843.60001 | AG409: =AE409-T409 -> 24 | AH409: =AE409-W409 -> 40
A410: 407 | B410: =A410*0.03 -> 12.21 | C410: =C409 -> 50 | D410: =D409 -> 300 | E410: =E409 -> 173.66667 | F410: =F409+1 -> 448.60001 | T410: 209 | U410: 459.6 | V410: a | W410: 193 | X410: 357.60001 | Y410: b | AC410: =AC409 -> 350 | AD410: =AD409 -> 350 | AE410: =AE409 -> 233 | AF410: =AF409+2 -> 845.60001 | AG410: =AE410-T410 -> 24 | AH410: =AE410-W410 -> 40
A411: 408 | B411: =A411*0.03 -> 12.24 | C411: =C410 -> 50 | D411: =D410 -> 300 | E411: =E410 -> 173.66667 | F411: =F410+1 -> 449.60001 | T411: 209 | U411: 460.6 | V411: a | W411: 193 | X411: 357.60001 | Y411: b | AC411: =AC410 -> 350 | AD411: =AD410 -> 350 | AE411: =AE410 -> 233 | AF411: =AF410+2 -> 847.60001 | AG411: =AE411-T411 -> 24 | AH411: =AE411-W411 -> 40
A412: 409 | B412: =A412*0.03 -> 12.27 | C412: =C411 -> 50 | D412: =D411 -> 300 | E412: =E411 -> 173.66667 | F412: =F411+1 -> 450.60001 | T412: 209 | U412: 461.6 | V412: a | W412: 193 | X412: 359.60001 | Y412: b | AC412: =AC411 -> 350 | AD412: =AD411 -> 350 | AE412: =AE411 -> 233 | AF412: =AF411+2 -> 849.60001 | AG412: =AE412-T412 -> 24 | AH412: =AE412-W412 -> 40
A413: 410 | B413: =A413*0.03 -> 12.3 | C413: =C412 -> 50 | D413: =D412 -> 300 | E413: =E412 -> 173.66667 | F413: =F412+1 -> 451.60001 | T413: 209 | U413: 462.6 | V413: a | W413: 193 | X413: 360.60001 | Y413: b | AC413: =AC412 -> 350 | AD413: =AD412 -> 350 | AE413: =AE412 -> 233 | AF413: =AF412+2 -> 851.60001 | AG413: =AE413-T413 -> 24 | AH413: =AE413-W413 -> 40
A414: 411 | B414: =A414*0.03 -> 12.33 | C414: =C413 -> 50 | D414: =D413 -> 300 | E414: =E413 -> 173.66667 | F414: =F413+1 -> 452.60001 | T414: 209 | U414: 464.6 | V414: a | W414: 193 | X414: 362.60001 | Y414: b | AC414: =AC413 -> 350 | AD414: =AD413 -> 350 | AE414: =AE413 -> 233 | AF414: =AF413+2 -> 853.60001 | AG414: =AE414-T414 -> 24 | AH414: =AE414-W414 -> 40
A415: 412 | B415: =A415*0.03 -> 12.36 | C415: =C414 -> 50 | D415: =D414 -> 300 | E415: =E414 -> 173.66667 | F415: =F414+1 -> 453.60001 | T415: 209 | U415: 465.6 | V415: a | W415: 193 | X415: 364.60001 | Y415: b | AC415: =AC414 -> 350 | AD415: =AD414 -> 350 | AE415: =AE414 -> 233 | AF415: =AF414+2 -> 855.60001 | AG415: =AE415-T415 -> 24 | AH415: =AE415-W415 -> 40
A416: 413 | B416: =A416*0.03 -> 12.39 | C416: =C415 -> 50 | D416: =D415 -> 300 | E416: =E415 -> 173.66667 | F416: =F415+1 -> 454.60001 | T416: 209 | U416: 466.6 | V416: a | W416: 193 | X416: 366.60001 | Y416: b | AC416: =AC415 -> 350 | AD416: =AD415 -> 350 | AE416: =AE415 -> 233 | AF416: =AF415+2 -> 857.60001 | AG416: =AE416-T416 -> 24 | AH416: =AE416-W416 -> 40
A417: 414 | B417: =A417*0.03 -> 12.42 | C417: =C416 -> 50 | D417: =D416 -> 300 | E417: =E416 -> 173.66667 | F417: =F416+1 -> 455.60001 | T417: 209 | U417: 467.6 | V417: a | W417: 193 | X417: 369.60001 | Y417: b | AC417: =AC416 -> 350 | AD417: =AD416 -> 350 | AE417: =AE416 -> 233 | AF417: =AF416+2 -> 859.60001 | AG417: =AE417-T417 -> 24 | AH417: =AE417-W417 -> 40
A418: 415 | B418: =A418*0.03 -> 12.45 | C418: =C417 -> 50 | D418: =D417 -> 300 | E418: =E417 -> 173.66667 | F418: =F417+1 -> 456.60001 | T418: 208 | U418: 468.6 | V418: a | W418: 194 | X418: 370.60001 | Y418: b | AC418: =AC417 -> 350 | AD418: =AD417 -> 350 | AE418: =AE417 -> 233 | AF418: =AF417+2 -> 861.60001 | AG418: =AE418-T418 -> 25 | AH418: =AE418-W418 -> 39
A419: 416 | B419: =A419*0.03 -> 12.48 | C419: =C418 -> 50 | D419: =D418 -> 300 | E419: =E418 -> 173.66667 | F419: =F418+1 -> 457.60001 | T419: 208 | U419: 469.6 | V419: a | W419: 194 | X419: 373.60001 | Y419: b | AC419: =AC418 -> 350 | AD419: =AD418 -> 350 | AE419: =AE418 -> 233 | AF419: =AF418+2 -> 863.60001 | AG419: =AE419-T419 -> 25 | AH419: =AE419-W419 -> 39
... A438: 435 | B438: =A438*0.03 -> 13.05 | C438: =C437 -> 50 | D438: =D437 -> 300 | E438: =E437 -> 173.66667 | F438: =F437+1 -> 476.60001 | T438: 202 | U438: 482.6 | V438: a | W438: 198 | X438: 402.60001 | Y438: b | AC438: =AC437 -> 350 | AD438: =AD437 -> 350 | AE438: =AE437 -> 233 | AF438: =AF437+2 -> 901.60001 | AG438: =AE438-T438 -> 31 | AH438: =AE438-W438 -> 35
A439: 436 | B439: =A439*0.03 -> 13.08 | C439: =C438 -> 50 | D439: =D438 -> 300 | E439: =E438 -> 173.66667 | F439: =F438+1 -> 477.60001 | W439: 198 | X439: 405.60001 | Y439: b | AC439: =AC438 -> 350 | AD439: =AD438 -> 350 | AE439: =AE438 -> 233 | AF439: =AF438+2 -> 903.60001 | AH439: =AE439-W439 -> 35
A440: 437 | B440: =A440*0.03 -> 13.11 | C440: =C439 -> 50 | D440: =D439 -> 300 | E440: =E439 -> 173.66667 | F440: =F439+1 -> 478.60001 | W440: 199 | X440: 406.60001 | Y440: b | AC440: =AC439 -> 350 | AD440: =AD439 -> 350 | AE440: =AE439 -> 233 | AF440: =AF439+2 -> 905.60001 | AH440: =AE440-W440 -> 34
A441: 438 | B441: =A441*0.03 -> 13.14 | C441: =C440 -> 50 | D441: =D440 -> 300 | E441: =E440 -> 173.66667 | F441: =F440+1 -> 479.60001 | W441: 200 | X441: 408.60001 | Y441: b | AC441: =AC440 -> 350 | AD441: =AD440 -> 350 | AE441: =AE440 -> 233 | AF441: =AF440+2 -> 907.60001 | AH441: =AE441-W441 -> 33
A442: 439 | B442: =A442*0.03 -> 13.17 | C442: =C441 -> 50 | D442: =D441 -> 300 | E442: =E441 -> 173.66667 | F442: =F441+1 -> 480.60001 | W442: 200 | X442: 409.60001 | Y442: b | AC442: =AC441 -> 350 | AD442: =AD441 -> 350 | AE442: =AE441 -> 233 | AF442: =AF441+2 -> 909.60001 | AH442: =AE442-W442 -> 33
A443: 440 | B443: =A443*0.03 -> 13.2 | C443: =C442 -> 50 | D443: =D442 -> 300 | E443: =E442 -> 173.66667 | F443: =F442+1 -> 481.60001 | W443: 201 | X443: 411.60001 | Y443: b | AC443: =AC442 -> 350 | AD443: =AD442 -> 350 | AE443: =AE442 -> 233 | AF443: =AF442+2 -> 911.60001 | AH443: =AE443-W443 -> 32
A444: 441 | B444: =A444*0.03 -> 13.23 | C444: =C443 -> 50 | D444: =D443 -> 300 | E444: =E443 -> 173.66667 | F444: =F443+1 -> 482.60001 | W444: 201 | X444: 413.60001 | Y444: b | AC444: =AC443 -> 350 | AD444: =AD443 -> 350 | AE444: =AE443 -> 233 | AF444: =AF443+2 -> 913.60001 | AH444: =AE444-W444 -> 32
A445: 442 | B445: =A445*0.03 -> 13.26 | C445: =C444 -> 50 | D445: =D444 -> 300 | E445: =E444 -> 173.66667 | F445: =F444+1 -> 483.60001 | W445: 202 | X445: 414.60001 | Y445: b | AC445: =AC444 -> 350 | AD445: =AD444 -> 350 | AE445: =AE444 -> 233 | AF445: =AF444+2 -> 915.60001 | AH445: =AE445-W445 -> 31
A446: 443 | B446: =A446*0.03 -> 13.29 | C446: =C445 -> 50 | D446: =D445 -> 300 | E446: =E445 -> 173.66667 | F446: =F445+1 -> 484.60001 | W446: 202 | X446: 416.60001 | Y446: b | AC446: =AC445 -> 350 | AD446: =AD445 -> 350 | AE446: =AE445 -> 233 | AF446: =AF445+2 -> 917.60001 | AH446: =AE446-W446 -> 31
A447: 444 | B447: =A447*0.03 -> 13.32 | C447: =C446 -> 50 | D447: =D446 -> 300 | E447: =E446 -> 173.66667 | F447: =F446+1 -> 485.60001 | W447: 203 | X447: 417.60001 | Y447: b | AC447: =AC446 -> 350 | AD447: =AD446 -> 350 | AE447: =AE446 -> 233 | AF447: =AF446+2 -> 919.60001 | AH447: =AE447-W447 -> 30
A448: 445 | B448: =A448*0.03 -> 13.35 | C448: =C447 -> 50 | D448: =D447 -> 300 | E448: =E447 -> 173.66667 | F448: =F447+1 -> 486.60001 | W448: 204 | X448: 418.60001 | Y448: b | AC448: =AC447 -> 350 | AD448: =AD447 -> 350 | AE448: =AE447 -> 233 | AF448: =AF447+2 -> 921.60001 | AH448: =AE448-W448 -> 29
A449: 446 | B449: =A449*0.03 -> 13.38 | C449: =C448 -> 50 | D449: =D448 -> 300 | E449: =E448 -> 173.66667 | F449: =F448+1 -> 487.60001 | W449: 204 | X449: 420.60001 | Y449: b | AC449: =AC448 -> 350 | AD449: =AD448 -> 350 | AE449: =AE448 -> 233 | AF449: =AF448+2 -> 923.60001 | AH449: =AE449-W449 -> 29
A450: 447 | B450: =A450*0.03 -> 13.41 | C450: =C449 -> 50 | D450: =D449 -> 300 | E450: =E449 -> 173.66667 | F450: =F449+1 -> 488.60001 | W450: 205 | X450: 421.60001 | Y450: b | AC450: =AC449 -> 350 | AD450: =AD449 -> 350 | AE450: =AE449 -> 233 | AF450: =AF449+2 -> 925.60001 | AH450: =AE450-W450 -> 28
... A485: 482 | B485: =A485*0.03 -> 14.46 | C485: =C484 -> 50 | D485: =D484 -> 300 | E485: =E484 -> 173.66667 | F485: =F484+1 -> 523.60001 | W485: 221 | X485: 461.6 | Y485: b | AC485: =AC484 -> 350 | AD485: =AD484 -> 350 | AE485: =AE484 -> 233 | AF485: =AF484+2 -> 995.60001 | AH485: =AE485-W485 -> 12
W486: 221 | X486: 461.6 | Y486: b | AC486: =AC485 -> 350 | AD486: =AD485 -> 350 | AE486: =AE485 -> 233 | AF486: =AF485+2 -> 997.60001 | AH486: =AE486-W486 -> 12
W487: 221 | X487: 462.6 | Y487: b | AC487: =AC486 -> 350 | AD487: =AD486 -> 350 | AE487: =AE486 -> 233 | AF487: =AF486+2 -> 999.60001 | AH487: =AE487-W487 -> 12
W488: 221 | X488: 463.6 | Y488: b | AC488: =AC487 -> 350 | AD488: =AD487 -> 350 | AE488: =AE487 -> 233 | AF488: =AF487+2 -> 1001.6 | AH488: =AE488-W488 -> 12
W489: 221 | X489: 464.6 | Y489: b | AC489: =AC488 -> 350 | AD489: =AD488 -> 350 | AE489: =AE488 -> 233 | AF489: =AF488+2 -> 1003.6 | AH489: =AE489-W489 -> 12
W490: 221 | X490: 465.6 | Y490: b | AC490: =AC489 -> 350 | AD490: =AD489 -> 350 | AE490: =AE489 -> 233 | AF490: =AF489+2 -> 1005.6 | AH490: =AE490-W490 -> 12
W491: 222 | X491: 465.6 | Y491: b | AC491: =AC490 -> 350 | AD491: =AD490 -> 350 | AE491: =AE490 -> 233 | AF491: =AF490+2 -> 1007.6 | AH491: =AE491-W491 -> 11
W492: 222 | X492: 466.6 | Y492: b | AC492: =AC491 -> 350 | AD492: =AD491 -> 350 | AE492: =AE491 -> 233 | AF492: =AF491+2 -> 1009.6 | AH492: =AE492-W492 -> 11
W493: 222 | X493: 467.6 | Y493: b | AC493: =AC492 -> 350 | AD493: =AD492 -> 350 | AE493: =AE492 -> 233 | AF493: =AF492+2 -> 1011.6 | AH493: =AE493-W493 -> 11
W494: 222 | X494: 468.6 | Y494: b | AC494: =AC493 -> 350 | AD494: =AD493 -> 350 | AE494: =AE493 -> 233 | AF494: =AF493+2 -> 1013.6 | AH494: =AE494-W494 -> 11
W495: 222 | X495: 469.6 | Y495: b | AC495: =AC494 -> 350 | AD495: =AD494 -> 350 | AE495: =AE494 -> 233 | AF495: =AF494+2 -> 1015.6 | AH495: =AE495-W495 -> 11
W496: 223 | X496: 469.6 | Y496: b | AC496: =AC495 -> 350 | AD496: =AD495 -> 350 | AE496: =AE495 -> 233 | AF496: =AF495+2 -> 1017.6 | AH496: =AE496-W496 -> 10
W497: 223 | X497: 470.6 | Y497: b | AC497: =AC496 -> 350 | AD497: =AD496 -> 350 | AE497: =AE496 -> 233 | AF497: =AF496+2 -> 1019.6 | AH497: =AE497-W497 -> 10
... W505: 223 | X505: 477.6 | Y505: b | AC505: =AC504 -> 350 | AD505: =AD504 -> 350 | AE505: =AE504 -> 233 | AF505: =AF504+2 -> 1035.6 | AH505: =AE505-W505 -> 10
AC506: =AC505 -> 350 | AD506: =AD505 -> 350 | AE506: =AE505 -> 233 | AF506: =AF505+2 -> 1037.6
AC507: =AC506 -> 350 | AD507: =AD506 -> 350 | AE507: =AE506 -> 233 | AF507: =AF506+2 -> 1039.6
AC508: =AC507 -> 350 | AD508: =AD507 -> 350 | AE508: =AE507 -> 233 | AF508: =AF507+2 -> 1041.6
AC509: =AC508 -> 350 | AD509: =AD508 -> 350 | AE509: =AE508 -> 233 | AF509: =AF508+2 -> 1043.6

Sheet 70
G1: Max1 | H1: Max2 | I1: Max 3 | J1: Kiri | AG1: Max1 | AH1: Max2 | AI1: Max 3
G2: =MAX(G4:G485) -> 14.666667 | H2: =MAX(H4:H485) -> 14.666667 | I2: =MAX(I4:I485) -> 13.666667 | AG2: =MAX(AG4:AG485) -> 22.666667 | AH2: =MAX(AH4:AH485) -> 25.666667 | AI2: =MAX(AI4:AI485) -> 21.666667
B3: t | C3: gangg x | D3: gangg y | E3: Ux | F3: Uy | G3: Simpangan 1 | H3: Simpangan 2 | I3: Simpangan 3 | J3: x | K3: y | L3: z | T3: x | U3: y | V3: z | AC3: gangg x | AD3: gangg y | AE3: Ux | AF3: Uy | AG3: Simpangan 1 | AH3: Simpangan 2 | AI3: Simpangan 3
A4: 1 | B4: =A4*0.03 -> 0.03 | C4: =50 -> 50 | D4: 300 | E4: =AVERAGE(J4,M4,P4) -> 183.33333 | F4: =MIN(K4,N4,Q4) -> 41.600006 | G4: =J4-E4 -> -2.3333333 | H4: =M4-E4 -> 0.66666667 | I4: =P4-E4 -> 1.6666667 | J4: 181 | K4: 43.600006 | L4: a | M4: 184 | N4: 43.600006 | O4: b | P4: 185 | Q4: 41.600006 | R4: c | T4: 222 | U4: 27.600006 | V4: a | W4: 224 | X4: 25.600006 | Y4: b | Z4: 225 | AA4: 25.600006 | AB4: c | AC4: =350 -> 350 | AD4: 300 | AE4: =AVERAGE(T4,W4,Z4) -> 223.66667 | AF4: =MIN(U4,X4,AA4) -> 25.600006 | AG4: =AE4-T4 -> 1.6666667 | AH4: =AE4-W4 -> -0.33333333 | AI4: =AE4-Z4 -> -1.3333333
A5: 2 | B5: =A5*0.03 -> 0.06 | C5: =C4 -> 50 | D5: =D4 -> 300 | E5: =E4 -> 183.33333 | F5: =F4+1 -> 42.600006 | G5: =J5-E5 -> -2.3333333 | H5: =M5-E5 -> 0.66666667 | I5: =P5-E5 -> 1.6666667 | J5: 181 | K5: 44.600006 | L5: a | M5: 184 | N5: 44.600006 | O5: b | P5: 185 | Q5: 42.600006 | R5: c | T5: 222 | U5: 28.600006 | V5: a | W5: 224 | X5: 25.600006 | Y5: b | Z5: 225 | AA5: 25.600006 | AB5: c | AC5: =AC4 -> 350 | AD5: =AD4 -> 300 | AE5: =AE4 -> 223.66667 | AF5: =AF4+2 -> 27.600006 | AG5: =AE5-T5 -> 1.6666667 | AH5: =AE5-W5 -> -0.33333333 | AI5: =AE5-Z5 -> -1.3333333
A6: 3 | B6: =A6*0.03 -> 0.09 | C6: =C5 -> 50 | D6: =D5 -> 300 | E6: =E5 -> 183.33333 | F6: =F5+1 -> 43.600006 | G6: =J6-E6 -> -5.3333333 | H6: =M6-E6 -> 0.66666667 | I6: =P6-E6 -> 1.6666667 | J6: 178 | K6: 46.600006 | L6: a | M6: 184 | N6: 45.600006 | O6: b | P6: 185 | Q6: 43.600006 | R6: c | T6: 222 | U6: 29.600006 | V6: a | W6: 224 | X6: 26.600006 | Y6: b | Z6: 225 | AA6: 27.600006 | AB6: c | AC6: =AC5 -> 350 | AD6: =AD5 -> 300 | AE6: =AE5 -> 223.66667 | AF6: =AF5+2 -> 29.600006 | AG6: =AE6-T6 -> 1.6666667 | AH6: =AE6-W6 -> -0.33333333 | AI6: =AE6-Z6 -> -1.3333333
A7: 4 | B7: =A7*0.03 -> 0.12 | C7: =C6 -> 50 | D7: =D6 -> 300 | E7: =E6 -> 183.33333 | F7: =F6+1 -> 44.600006 | G7: =J7-E7 -> -6.3333333 | H7: =M7-E7 -> 0.66666667 | I7: =P7-E7 -> 1.6666667 | J7: 177 | K7: 48.600006 | L7: a | M7: 184 | N7: 45.600006 | O7: b | P7: 185 | Q7: 45.600006 | R7: c | T7: 222 | U7: 29.600006 | V7: a | W7: 224 | X7: 28.600006 | Y7: b | Z7: 225 | AA7: 29.600006 | AB7: c | AC7: =AC6 -> 350 | AD7: =AD6 -> 300 | AE7: =AE6 -> 223.66667 | AF7: =AF6+2 -> 31.600006 | AG7: =AE7-T7 -> 1.6666667 | AH7: =AE7-W7 -> -0.33333333 | AI7: =AE7-Z7 -> -1.3333333
A8: 5 | B8: =A8*0.03 -> 0.15 | C8: =C7 -> 50 | D8: =D7 -> 300 | E8: =E7 -> 183.33333 | F8: =F7+1 -> 45.600006 | G8: =J8-E8 -> -7.3333333 | H8: =M8-E8 -> 0.66666667 | I8: =P8-E8 -> 1.6666667 | J8: 176 | K8: 49.600006 | L8: a | M8: 184 | N8: 46.600006 | O8: b | P8: 185 | Q8: 48.600006 | R8: c | T8: 222 | U8: 30.600006 | V8: a | W8: 224 | X8: 29.600006 | Y8: b | Z8: 226 | AA8: 31.600006 | AB8: c | AC8: =AC7 -> 350 | AD8: =AD7 -> 300 | AE8: =AE7 -> 223.66667 | AF8: =AF7+2 -> 33.600006 | AG8: =AE8-T8 -> 1.6666667 | AH8: =AE8-W8 -> -0.33333333 | AI8: =AE8-Z8 -> -2.3333333
A9: 6 | B9: =A9*0.03 -> 0.18 | C9: =C8 -> 50 | D9: =D8 -> 300 | E9: =E8 -> 183.33333 | F9: =F8+1 -> 46.600006 | G9: =J9-E9 -> -8.3333333 | H9: =M9-E9 -> 0.66666667 | I9: =P9-E9 -> 2.6666667 | J9: 175 | K9: 51.600006 | L9: a | M9: 184 | N9: 47.600006 | O9: b | P9: 186 | Q9: 49.600006 | R9: c | T9: 222 | U9: 32.600006 | V9: a | W9: 224 | X9: 30.600006 | Y9: b | Z9: 226 | AA9: 33.600006 | AB9: c | AC9: =AC8 -> 350 | AD9: =AD8 -> 300 | AE9: =AE8 -> 223.66667 | AF9: =AF8+2 -> 35.600006 | AG9: =AE9-T9 -> 1.6666667 | AH9: =AE9-W9 -> -0.33333333 | AI9: =AE9-Z9 -> -2.3333333
A10: 7 | B10: =A10*0.03 -> 0.21 | C10: =C9 -> 50 | D10: =D9 -> 300 | E10: =E9 -> 183.33333 | F10: =F9+1 -> 47.600006 | G10: =J10-E10 -> -10.333333 | H10: =M10-E10 -> 0.66666667 | I10: =P10-E10 -> 2.6666667 | J10: 173 | K10: 53.600006 | L10: a | M10: 184 | N10: 48.600006 | O10: b | P10: 186 | Q10: 50.600006 | R10: c | T10: 222 | U10: 33.600006 | V10: a | W10: 224 | X10: 31.600006 | Y10: b | Z10: 227 | AA10: 36.600006 | AB10: c | AC10: =AC9 -> 350 | AD10: =AD9 -> 300 | AE10: =AE9 -> 223.66667 | AF10: =AF9+2 -> 37.600006 | AG10: =AE10-T10 -> 1.6666667 | AH10: =AE10-W10 -> -0.33333333 | AI10: =AE10-Z10 -> -3.3333333
A11: 8 | B11: =A11*0.03 -> 0.24 | C11: =C10 -> 50 | D11: =D10 -> 300 | E11: =E10 -> 183.33333 | F11: =F10+1 -> 48.600006 | G11: =J11-E11 -> -10.333333 | H11: =M11-E11 -> 0.66666667 | I11: =P11-E11 -> 2.6666667 | J11: 173 | K11: 53.600006 | L11: a | M11: 184 | N11: 49.600006 | O11: b | P11: 186 | Q11: 51.600006 | R11: c | T11: 222 | U11: 35.600006 | V11: a | W11: 224 | X11: 33.600006 | Y11: b | Z11: 227 | AA11: 37.600006 | AB11: c | AC11: =AC10 -> 350 | AD11: =AD10 -> 300 | AE11: =AE10 -> 223.66667 | AF11: =AF10+2 -> 39.600006 | AG11: =AE11-T11 -> 1.6666667 | AH11: =AE11-W11 -> -0.33333333 | AI11: =AE11-Z11 -> -3.3333333
A12: 9 | B12: =A12*0.03 -> 0.27 | C12: =C11 -> 50 | D12: =D11 -> 300 | E12: =E11 -> 183.33333 | F12: =F11+1 -> 49.600006 | G12: =J12-E12 -> -10.333333 | H12: =M12-E12 -> 0.66666667 | I12: =P12-E12 -> 2.6666667 | J12: 173 | K12: 54.600006 | L12: a | M12: 184 | N12: 49.600006 | O12: b | P12: 186 | Q12: 52.600006 | R12: c | T12: 222 | U12: 36.600006 | V12: a | W12: 223 | X12: 33.600006 | Y12: b | Z12: 228 | AA12: 40.600006 | AB12: c | AC12: =AC11 -> 350 | AD12: =AD11 -> 300 | AE12: =AE11 -> 223.66667 | AF12: =AF11+2 -> 41.600006 | AG12: =AE12-T12 -> 1.6666667 | AH12: =AE12-W12 -> 0.66666667 | AI12: =AE12-Z12 -> -4.3333333
A13: 10 | B13: =A13*0.03 -> 0.3 | C13: =C12 -> 50 | D13: =D12 -> 300 | E13: =E12 -> 183.33333 | F13: =F12+1 -> 50.600006 | G13: =J13-E13 -> -11.333333 | H13: =M13-E13 -> 0.66666667 | I13: =P13-E13 -> 2.6666667 | J13: 172 | K13: 54.600006 | L13: a | M13: 184 | N13: 50.600006 | O13: b | P13: 186 | Q13: 53.600006 | R13: c | T13: 222 | U13: 37.600006 | V13: a | W13: 223 | X13: 35.600006 | Y13: b | Z13: 228 | AA13: 41.600006 | AB13: c | AC13: =AC12 -> 350 | AD13: =AD12 -> 300 | AE13: =AE12 -> 223.66667 | AF13: =AF12+2 -> 43.600006 | AG13: =AE13-T13 -> 1.6666667 | AH13: =AE13-W13 -> 0.66666667 | AI13: =AE13-Z13 -> -4.3333333
A14: 11 | B14: =A14*0.03 -> 0.33 | C14: =C13 -> 50 | D14: =D13 -> 300 | E14: =E13 -> 183.33333 | F14: =F13+1 -> 51.600006 | G14: =J14-E14 -> -12.333333 | H14: =M14-E14 -> 0.66666667 | I14: =P14-E14 -> 2.6666667 | J14: 171 | K14: 55.600006 | L14: a | M14: 184 | N14: 51.600006 | O14: b | P14: 186 | Q14: 54.600006 | R14: c | T14: 222 | U14: 37.600006 | V14: a | W14: 222 | X14: 36.600006 | Y14: b | Z14: 228 | AA14: 42.600006 | AB14: c | AC14: =AC13 -> 350 | AD14: =AD13 -> 300 | AE14: =AE13 -> 223.66667 | AF14: =AF13+2 -> 45.600006 | AG14: =AE14-T14 -> 1.6666667 | AH14: =AE14-W14 -> 1.6666667 | AI14: =AE14-Z14 -> -4.3333333
A15: 12 | B15: =A15*0.03 -> 0.36 | C15: =C14 -> 50 | D15: =D14 -> 300 | E15: =E14 -> 183.33333 | F15: =F14+1 -> 52.600006 | G15: =J15-E15 -> -12.333333 | H15: =M15-E15 -> 0.66666667 | I15: =P15-E15 -> 2.6666667 | J15: 171 | K15: 56.600006 | L15: a | M15: 184 | N15: 52.600006 | O15: b | P15: 186 | Q15: 56.600006 | R15: c | T15: 222 | U15: 38.600006 | V15: a | W15: 221 | X15: 37.600006 | Y15: b | Z15: 229 | AA15: 45.600006 | AB15: c | AC15: =AC14 -> 350 | AD15: =AD14 -> 300 | AE15: =AE14 -> 223.66667 | AF15: =AF14+2 -> 47.600006 | AG15: =AE15-T15 -> 1.6666667 | AH15: =AE15-W15 -> 2.6666667 | AI15: =AE15-Z15 -> -5.3333333
A16: 13 | B16: =A16*0.03 -> 0.39 | C16: =C15 -> 50 | D16: =D15 -> 300 | E16: =E15 -> 183.33333 | F16: =F15+1 -> 53.600006 | G16: =J16-E16 -> -12.333333 | H16: =M16-E16 -> 0.66666667 | I16: =P16-E16 -> 2.6666667 | J16: 171 | K16: 57.600006 | L16: a | M16: 184 | N16: 53.600006 | O16: b | P16: 186 | Q16: 57.600006 | R16: c | T16: 222 | U16: 39.600006 | V16: a | W16: 221 | X16: 38.600006 | Y16: b | Z16: 229 | AA16: 46.600006 | AB16: c | AC16: =AC15 -> 350 | AD16: =AD15 -> 300 | AE16: =AE15 -> 223.66667 | AF16: =AF15+2 -> 49.600006 | AG16: =AE16-T16 -> 1.6666667 | AH16: =AE16-W16 -> 2.6666667 | AI16: =AE16-Z16 -> -5.3333333
... A160: 157 | B160: =A160*0.03 -> 4.71 | C160: =C159 -> 50 | D160: =D159 -> 300 | E160: =E159 -> 183.33333 | F160: =F159+1 -> 197.60001 | G160: =J160-E160 -> 1.6666667 | H160: =M160-E160 -> 13.666667 | I160: =P160-E160 -> -11.333333 | J160: 185 | K160: 225.60001 | L160: a | M160: 197 | N160: 229.60001 | O160: b | P160: 172 | Q160: 486.6 | R160: c | T160: 209 | U160: 225.60001 | V160: a | W160: 208 | X160: 249.60001 | Y160: b | Z160: 210 | AA160: 193.60001 | AB160: c | AC160: =AC159 -> 350 | AD160: =AD159 -> 300 | AE160: =AE159 -> 223.66667 | AF160: =AF159+2 -> 337.60001 | AG160: =AE160-T160 -> 14.666667 | AH160: =AE160-W160 -> 15.666667 | AI160: =AE160-Z160 -> 13.666667
A161: 158 | B161: =A161*0.03 -> 4.74 | C161: =C160 -> 50 | D161: =D160 -> 300 | E161: =E160 -> 183.33333 | F161: =F160+1 -> 198.60001 | G161: =J161-E161 -> 3.6666667 | H161: =M161-E161 -> 13.666667 | J161: 187 | K161: 226.60001 | L161: a | M161: 197 | N161: 230.60001 | O161: b | T161: 208 | U161: 225.60001 | V161: a | W161: 207 | X161: 250.60001 | Y161: b | Z161: 209 | AA161: 193.60001 | AB161: c | AC161: =AC160 -> 350 | AD161: =AD160 -> 300 | AE161: =AE160 -> 223.66667 | AF161: =AF160+2 -> 339.60001 | AG161: =AE161-T161 -> 15.666667 | AH161: =AE161-W161 -> 16.666667 | AI161: =AE161-Z161 -> 14.666667
A162: 159 | B162: =A162*0.03 -> 4.77 | C162: =C161 -> 50 | D162: =D161 -> 300 | E162: =E161 -> 183.33333 | F162: =F161+1 -> 199.60001 | G162: =J162-E162 -> 4.6666667 | H162: =M162-E162 -> 13.666667 | J162: 188 | K162: 227.60001 | L162: a | M162: 197 | N162: 231.60001 | O162: b | T162: 208 | U162: 225.60001 | V162: a | W162: 207 | X162: 251.60001 | Y162: b | Z162: 209 | AA162: 194.60001 | AB162: c | AC162: =AC161 -> 350 | AD162: =AD161 -> 300 | AE162: =AE161 -> 223.66667 | AF162: =AF161+2 -> 341.60001 | AG162: =AE162-T162 -> 15.666667 | AH162: =AE162-W162 -> 16.666667 | AI162: =AE162-Z162 -> 14.666667
A163: 160 | B163: =A163*0.03 -> 4.8 | C163: =C162 -> 50 | D163: =D162 -> 300 | E163: =E162 -> 183.33333 | F163: =F162+1 -> 200.60001 | G163: =J163-E163 -> 4.6666667 | H163: =M163-E163 -> 13.666667 | J163: 188 | K163: 228.60001 | L163: a | M163: 197 | N163: 232.60001 | O163: b | T163: 208 | U163: 227.60001 | V163: a | W163: 207 | X163: 252.60001 | Y163: b | Z163: 209 | AA163: 195.60001 | AB163: c | AC163: =AC162 -> 350 | AD163: =AD162 -> 300 | AE163: =AE162 -> 223.66667 | AF163: =AF162+2 -> 343.60001 | AG163: =AE163-T163 -> 15.666667 | AH163: =AE163-W163 -> 16.666667 | AI163: =AE163-Z163 -> 14.666667
A164: 161 | B164: =A164*0.03 -> 4.83 | C164: =C163 -> 50 | D164: =D163 -> 300 | E164: =E163 -> 183.33333 | F164: =F163+1 -> 201.60001 | G164: =J164-E164 -> 5.6666667 | H164: =M164-E164 -> 13.666667 | J164: 189 | K164: 229.60001 | L164: a | M164: 197 | N164: 233.60001 | O164: b | T164: 207 | U164: 228.60001 | V164: a | W164: 207 | X164: 253.60001 | Y164: b | Z164: 209 | AA164: 196.60001 | AB164: c | AC164: =AC163 -> 350 | AD164: =AD163 -> 300 | AE164: =AE163 -> 223.66667 | AF164: =AF163+2 -> 345.60001 | AG164: =AE164-T164 -> 16.666667 | AH164: =AE164-W164 -> 16.666667 | AI164: =AE164-Z164 -> 14.666667
A165: 162 | B165: =A165*0.03 -> 4.86 | C165: =C164 -> 50 | D165: =D164 -> 300 | E165: =E164 -> 183.33333 | F165: =F164+1 -> 202.60001 | G165: =J165-E165 -> 5.6666667 | H165: =M165-E165 -> 13.666667 | J165: 189 | K165: 230.60001 | L165: a | M165: 197 | N165: 233.60001 | O165: b | T165: 207 | U165: 229.60001 | V165: a | W165: 206 | X165: 253.60001 | Y165: b | Z165: 209 | AA165: 197.60001 | AB165: c | AC165: =AC164 -> 350 | AD165: =AD164 -> 300 | AE165: =AE164 -> 223.66667 | AF165: =AF164+2 -> 347.60001 | AG165: =AE165-T165 -> 16.666667 | AH165: =AE165-W165 -> 17.666667 | AI165: =AE165-Z165 -> 14.666667
A166: 163 | B166: =A166*0.03 -> 4.89 | C166: =C165 -> 50 | D166: =D165 -> 300 | E166: =E165 -> 183.33333 | F166: =F165+1 -> 203.60001 | G166: =J166-E166 -> 5.6666667 | H166: =M166-E166 -> 13.666667 | J166: 189 | K166: 231.60001 | L166: a | M166: 197 | N166: 234.60001 | O166: b | T166: 207 | U166: 229.60001 | V166: a | W166: 206 | X166: 253.60001 | Y166: b | Z166: 209 | AA166: 197.60001 | AB166: c | AC166: =AC165 -> 350 | AD166: =AD165 -> 300 | AE166: =AE165 -> 223.66667 | AF166: =AF165+2 -> 349.60001 | AG166: =AE166-T166 -> 16.666667 | AH166: =AE166-W166 -> 17.666667 | AI166: =AE166-Z166 -> 14.666667
A167: 164 | B167: =A167*0.03 -> 4.92 | C167: =C166 -> 50 | D167: =D166 -> 300 | E167: =E166 -> 183.33333 | F167: =F166+1 -> 204.60001 | G167: =J167-E167 -> 7.6666667 | H167: =M167-E167 -> 13.666667 | J167: 191 | K167: 233.60001 | L167: a | M167: 197 | N167: 235.60001 | O167: b | T167: 206 | U167: 230.60001 | V167: a | W167: 205 | X167: 255.60001 | Y167: b | Z167: 209 | AA167: 199.60001 | AB167: c | AC167: =AC166 -> 350 | AD167: =AD166 -> 300 | AE167: =AE166 -> 223.66667 | AF167: =AF166+2 -> 351.60001 | AG167: =AE167-T167 -> 17.666667 | AH167: =AE167-W167 -> 18.666667 | AI167: =AE167-Z167 -> 14.666667
A168: 165 | B168: =A168*0.03 -> 4.95 | C168: =C167 -> 50 | D168: =D167 -> 300 | E168: =E167 -> 183.33333 | F168: =F167+1 -> 205.60001 | G168: =J168-E168 -> 7.6666667 | H168: =M168-E168 -> 13.666667 | J168: 191 | K168: 233.60001 | L168: a | M168: 197 | N168: 236.60001 | O168: b | T168: 206 | U168: 231.60001 | V168: a | W168: 205 | X168: 256.60001 | Y168: b | Z168: 208 | AA168: 200.60001 | AB168: c | AC168: =AC167 -> 350 | AD168: =AD167 -> 300 | AE168: =AE167 -> 223.66667 | AF168: =AF167+2 -> 353.60001 | AG168: =AE168-T168 -> 17.666667 | AH168: =AE168-W168 -> 18.666667 | AI168: =AE168-Z168 -> 15.666667
A169: 166 | B169: =A169*0.03 -> 4.98 | C169: =C168 -> 50 | D169: =D168 -> 300 | E169: =E168 -> 183.33333 | F169: =F168+1 -> 206.60001 | G169: =J169-E169 -> 7.6666667 | H169: =M169-E169 -> 13.666667 | J169: 191 | K169: 235.60001 | L169: a | M169: 197 | N169: 237.60001 | O169: b | T169: 206 | U169: 232.60001 | V169: a | W169: 205 | X169: 257.60001 | Y169: b | Z169: 207 | AA169: 201.60001 | AB169: c | AC169: =AC168 -> 350 | AD169: =AD168 -> 300 | AE169: =AE168 -> 223.66667 | AF169: =AF168+2 -> 355.60001 | AG169: =AE169-T169 -> 17.666667 | AH169: =AE169-W169 -> 18.666667 | AI169: =AE169-Z169 -> 16.666667
A170: 167 | B170: =A170*0.03 -> 5.01 | C170: =C169 -> 50 | D170: =D169 -> 300 | E170: =E169 -> 183.33333 | F170: =F169+1 -> 207.60001 | G170: =J170-E170 -> 8.6666667 | H170: =M170-E170 -> 13.666667 | J170: 192 | K170: 236.60001 | L170: a | M170: 197 | N170: 239.60001 | O170: b | T170: 205 | U170: 232.60001 | V170: a | W170: 205 | X170: 259.60001 | Y170: b | Z170: 207 | AA170: 201.60001 | AB170: c | AC170: =AC169 -> 350 | AD170: =AD169 -> 300 | AE170: =AE169 -> 223.66667 | AF170: =AF169+2 -> 357.60001 | AG170: =AE170-T170 -> 18.666667 | AH170: =AE170-W170 -> 18.666667 | AI170: =AE170-Z170 -> 16.666667
A171: 168 | B171: =A171*0.03 -> 5.04 | C171: =C170 -> 50 | D171: =D170 -> 300 | E171: =E170 -> 183.33333 | F171: =F170+1 -> 208.60001 | G171: =J171-E171 -> 9.6666667 | H171: =M171-E171 -> 13.666667 | J171: 193 | K171: 237.60001 | L171: a | M171: 197 | N171: 241.60001 | O171: b | T171: 205 | U171: 233.60001 | V171: a | W171: 204 | X171: 261.60001 | Y171: b | Z171: 206 | AA171: 203.60001 | AB171: c | AC171: =AC170 -> 350 | AD171: =AD170 -> 300 | AE171: =AE170 -> 223.66667 | AF171: =AF170+2 -> 359.60001 | AG171: =AE171-T171 -> 18.666667 | AH171: =AE171-W171 -> 19.666667 | AI171: =AE171-Z171 -> 17.666667
A172: 169 | B172: =A172*0.03 -> 5.07 | C172: =C171 -> 50 | D172: =D171 -> 300 | E172: =E171 -> 183.33333 | F172: =F171+1 -> 209.60001 | G172: =J172-E172 -> 9.6666667 | H172: =M172-E172 -> 13.666667 | J172: 193 | K172: 238.60001 | L172: a | M172: 197 | N172: 242.60001 | O172: b | T172: 205 | U172: 233.60001 | V172: a | W172: 203 | X172: 261.60001 | Y172: b | Z172: 205 | AA172: 204.60001 | AB172: c | AC172: =AC171 -> 350 | AD172: =AD171 -> 300 | AE172: =AE171 -> 223.66667 | AF172: =AF171+2 -> 361.60001 | AG172: =AE172-T172 -> 18.666667 | AH172: =AE172-W172 -> 20.666667 | AI172: =AE172-Z172 -> 18.666667
... A301: 298 | B301: =A301*0.03 -> 8.94 | C301: =C300 -> 50 | D301: =D300 -> 300 | E301: =E300 -> 183.33333 | F301: =F300+1 -> 338.60001 | G301: =J301-E301 -> 10.666667 | H301: =M301-E301 -> 14.666667 | J301: 194 | K301: 394.60001 | L301: a | M301: 198 | N301: 438.6 | O301: b | T301: 205 | U301: 429.60001 | V301: a | W301: 214 | X301: 478.6 | Y301: b | Z301: 206 | AA301: 356.60001 | AB301: c | AC301: =AC300 -> 350 | AD301: =AD300 -> 300 | AE301: =AE300 -> 223.66667 | AF301: =AF300+2 -> 619.60001 | AG301: =AE301-T301 -> 18.666667 | AH301: =AE301-W301 -> 9.6666667 | AI301: =AE301-Z301 -> 17.666667
A302: 299 | B302: =A302*0.03 -> 8.97 | C302: =C301 -> 50 | D302: =D301 -> 300 | E302: =E301 -> 183.33333 | F302: =F301+1 -> 339.60001 | G302: =J302-E302 -> 10.666667 | H302: =M302-E302 -> 14.666667 | J302: 194 | K302: 397.60001 | L302: a | M302: 198 | N302: 439.6 | O302: b | T302: 205 | U302: 432.60001 | V302: a | Z302: 206 | AA302: 357.60001 | AB302: c | AC302: =AC301 -> 350 | AD302: =AD301 -> 300 | AE302: =AE301 -> 223.66667 | AF302: =AF301+2 -> 621.60001 | AG302: =AE302-T302 -> 18.666667 | AI302: =AE302-Z302 -> 17.666667
A303: 300 | B303: =A303*0.03 -> 9 | C303: =C302 -> 50 | D303: =D302 -> 300 | E303: =E302 -> 183.33333 | F303: =F302+1 -> 340.60001 | G303: =J303-E303 -> 10.666667 | H303: =M303-E303 -> 14.666667 | J303: 194 | K303: 398.60001 | L303: a | M303: 198 | N303: 441.6 | O303: b | T303: 205 | U303: 433.60001 | V303: a | Z303: 206 | AA303: 357.60001 | AB303: c | AC303: =AC302 -> 350 | AD303: =AD302 -> 300 | AE303: =AE302 -> 223.66667 | AF303: =AF302+2 -> 623.60001 | AG303: =AE303-T303 -> 18.666667 | AI303: =AE303-Z303 -> 17.666667
A304: 301 | B304: =A304*0.03 -> 9.03 | C304: =C303 -> 50 | D304: =D303 -> 300 | E304: =E303 -> 183.33333 | F304: =F303+1 -> 341.60001 | G304: =J304-E304 -> 10.666667 | H304: =M304-E304 -> 14.666667 | J304: 194 | K304: 400.60001 | L304: a | M304: 198 | N304: 441.6 | O304: b | T304: 205 | U304: 433.60001 | V304: a | Z304: 206 | AA304: 359.60001 | AB304: c | AC304: =AC303 -> 350 | AD304: =AD303 -> 300 | AE304: =AE303 -> 223.66667 | AF304: =AF303+2 -> 625.60001 | AG304: =AE304-T304 -> 18.666667 | AI304: =AE304-Z304 -> 17.666667
A305: 302 | B305: =A305*0.03 -> 9.06 | C305: =C304 -> 50 | D305: =D304 -> 300 | E305: =E304 -> 183.33333 | F305: =F304+1 -> 342.60001 | G305: =J305-E305 -> 10.666667 | H305: =M305-E305 -> 13.666667 | J305: 194 | K305: 401.60001 | L305: a | M305: 197 | N305: 442.6 | O305: b | T305: 205 | U305: 436.6 | V305: a | Z305: 206 | AA305: 361.60001 | AB305: c | AC305: =AC304 -> 350 | AD305: =AD304 -> 300 | AE305: =AE304 -> 223.66667 | AF305: =AF304+2 -> 627.60001 | AG305: =AE305-T305 -> 18.666667 | AI305: =AE305-Z305 -> 17.666667
A306: 303 | B306: =A306*0.03 -> 9.09 | C306: =C305 -> 50 | D306: =D305 -> 300 | E306: =E305 -> 183.33333 | F306: =F305+1 -> 343.60001 | G306: =J306-E306 -> 10.666667 | H306: =M306-E306 -> 13.666667 | J306: 194 | K306: 403.60001 | L306: a | M306: 197 | N306: 444.6 | O306: b | T306: 205 | U306: 437.6 | V306: a | Z306: 206 | AA306: 362.60001 | AB306: c | AC306: =AC305 -> 350 | AD306: =AD305 -> 300 | AE306: =AE305 -> 223.66667 | AF306: =AF305+2 -> 629.60001 | AG306: =AE306-T306 -> 18.666667 | AI306: =AE306-Z306 -> 17.666667
A307: 304 | B307: =A307*0.03 -> 9.12 | C307: =C306 -> 50 | D307: =D306 -> 300 | E307: =E306 -> 183.33333 | F307: =F306+1 -> 344.60001 | G307: =J307-E307 -> 10.666667 | H307: =M307-E307 -> 13.666667 | J307: 194 | K307: 405.60001 | L307: a | M307: 197 | N307: 445.6 | O307: b | T307: 205 | U307: 437.6 | V307: a | Z307: 206 | AA307: 364.60001 | AB307: c | AC307: =AC306 -> 350 | AD307: =AD306 -> 300 | AE307: =AE306 -> 223.66667 | AF307: =AF306+2 -> 631.60001 | AG307: =AE307-T307 -> 18.666667 | AI307: =AE307-Z307 -> 17.666667
A308: 305 | B308: =A308*0.03 -> 9.15 | C308: =C307 -> 50 | D308: =D307 -> 300 | E308: =E307 -> 183.33333 | F308: =F307+1 -> 345.60001 | G308: =J308-E308 -> 10.666667 | H308: =M308-E308 -> 13.666667 | J308: 194 | K308: 405.60001 | L308: a | M308: 197 | N308: 446.6 | O308: b | T308: 205 | U308: 439.6 | V308: a | Z308: 206 | AA308: 365.60001 | AB308: c | AC308: =AC307 -> 350 | AD308: =AD307 -> 300 | AE308: =AE307 -> 223.66667 | AF308: =AF307+2 -> 633.60001 | AG308: =AE308-T308 -> 18.666667 | AI308: =AE308-Z308 -> 17.666667
A309: 306 | B309: =A309*0.03 -> 9.18 | C309: =C308 -> 50 | D309: =D308 -> 300 | E309: =E308 -> 183.33333 | F309: =F308+1 -> 346.60001 | G309: =J309-E309 -> 10.666667 | H309: =M309-E309 -> 13.666667 | J309: 194 | K309: 407.60001 | L309: a | M309: 197 | N309: 448.6 | O309: b | T309: 205 | U309: 440.6 | V309: a | Z309: 206 | AA309: 366.60001 | AB309: c | AC309: =AC308 -> 350 | AD309: =AD308 -> 300 | AE309: =AE308 -> 223.66667 | AF309: =AF308+2 -> 635.60001 | AG309: =AE309-T309 -> 18.666667 | AI309: =AE309-Z309 -> 17.666667
A310: 307 | B310: =A310*0.03 -> 9.21 | C310: =C309 -> 50 | D310: =D309 -> 300 | E310: =E309 -> 183.33333 | F310: =F309+1 -> 347.60001 | G310: =J310-E310 -> 10.666667 | H310: =M310-E310 -> 13.666667 | J310: 194 | K310: 408.60001 | L310: a | M310: 197 | N310: 449.6 | O310: b | T310: 205 | U310: 441.6 | V310: a | Z310: 206 | AA310: 368.60001 | AB310: c | AC310: =AC309 -> 350 | AD310: =AD309 -> 300 | AE310: =AE309 -> 223.66667 | AF310: =AF309+2 -> 637.60001 | AG310: =AE310-T310 -> 18.666667 | AI310: =AE310-Z310 -> 17.666667
A311: 308 | B311: =A311*0.03 -> 9.24 | C311: =C310 -> 50 | D311: =D310 -> 300 | E311: =E310 -> 183.33333 | F311: =F310+1 -> 348.60001 | G311: =J311-E311 -> 10.666667 | H311: =M311-E311 -> 13.666667 | J311: 194 | K311: 409.60001 | L311: a | M311: 197 | N311: 450.6 | O311: b | T311: 205 | U311: 441.6 | V311: a | Z311: 207 | AA311: 369.60001 | AB311: c | AC311: =AC310 -> 350 | AD311: =AD310 -> 300 | AE311: =AE310 -> 223.66667 | AF311: =AF310+2 -> 639.60001 | AG311: =AE311-T311 -> 18.666667 | AI311: =AE311-Z311 -> 16.666667
A312: 309 | B312: =A312*0.03 -> 9.27 | C312: =C311 -> 50 | D312: =D311 -> 300 | E312: =E311 -> 183.33333 | F312: =F311+1 -> 349.60001 | G312: =J312-E312 -> 10.666667 | H312: =M312-E312 -> 13.666667 | J312: 194 | K312: 410.60001 | L312: a | M312: 197 | N312: 451.6 | O312: b | T312: 205 | U312: 443.6 | V312: a | Z312: 207 | AA312: 370.60001 | AB312: c | AC312: =AC311 -> 350 | AD312: =AD311 -> 300 | AE312: =AE311 -> 223.66667 | AF312: =AF311+2 -> 641.60001 | AG312: =AE312-T312 -> 18.666667 | AI312: =AE312-Z312 -> 16.666667
A313: 310 | B313: =A313*0.03 -> 9.3 | C313: =C312 -> 50 | D313: =D312 -> 300 | E313: =E312 -> 183.33333 | F313: =F312+1 -> 350.60001 | G313: =J313-E313 -> 10.666667 | H313: =M313-E313 -> 13.666667 | J313: 194 | K313: 412.60001 | L313: a | M313: 197 | N313: 452.6 | O313: b | T313: 205 | U313: 444.6 | V313: a | Z313: 207 | AA313: 371.60001 | AB313: c | AC313: =AC312 -> 350 | AD313: =AD312 -> 300 | AE313: =AE312 -> 223.66667 | AF313: =AF312+2 -> 643.60001 | AG313: =AE313-T313 -> 18.666667 | AI313: =AE313-Z313 -> 16.666667
... A345: 342 | B345: =A345*0.03 -> 10.26 | C345: =C344 -> 50 | D345: =D344 -> 300 | E345: =E344 -> 183.33333 | F345: =F344+1 -> 382.60001 | G345: =J345-E345 -> 9.6666667 | H345: =M345-E345 -> 13.666667 | J345: 193 | K345: 463.6 | L345: a | M345: 197 | N345: 477.6 | O345: b | T345: 205 | U345: 486.6 | V345: a | Z345: 224 | AA345: 413.60001 | AB345: c | AC345: =AC344 -> 350 | AD345: =AD344 -> 300 | AE345: =AE344 -> 223.66667 | AF345: =AF344+2 -> 707.60001 | AG345: =AE345-T345 -> 18.666667 | AI345: =AE345-Z345 -> -0.33333333
A346: 343 | B346: =A346*0.03 -> 10.29 | C346: =C345 -> 50 | D346: =D345 -> 300 | E346: =E345 -> 183.33333 | F346: =F345+1 -> 383.60001 | G346: =J346-E346 -> 9.6666667 | H346: =M346-E346 -> 13.666667 | J346: 193 | K346: 464.6 | L346: a | M346: 197 | N346: 478.6 | O346: b | Z346: 224 | AA346: 413.60001 | AB346: c | AC346: =AC345 -> 350 | AD346: =AD345 -> 300 | AE346: =AE345 -> 223.66667 | AF346: =AF345+2 -> 709.60001 | AI346: =AE346-Z346 -> -0.33333333
A347: 344 | B347: =A347*0.03 -> 10.32 | C347: =C346 -> 50 | D347: =D346 -> 300 | E347: =E346 -> 183.33333 | F347: =F346+1 -> 384.60001 | G347: =J347-E347 -> 9.6666667 | H347: =M347-E347 -> 13.666667 | J347: 193 | K347: 465.6 | L347: a | M347: 197 | N347: 479.6 | O347: b | Z347: 225 | AA347: 415.60001 | AB347: c | AC347: =AC346 -> 350 | AD347: =AD346 -> 300 | AE347: =AE346 -> 223.66667 | AF347: =AF346+2 -> 711.60001 | AI347: =AE347-Z347 -> -1.3333333
A348: 345 | B348: =A348*0.03 -> 10.35 | C348: =C347 -> 50 | D348: =D347 -> 300 | E348: =E347 -> 183.33333 | F348: =F347+1 -> 385.60001 | G348: =J348-E348 -> 9.6666667 | H348: =M348-E348 -> 13.666667 | J348: 193 | K348: 466.6 | L348: a | M348: 197 | N348: 480.6 | O348: b | Z348: 225 | AA348: 416.60001 | AB348: c | AC348: =AC347 -> 350 | AD348: =AD347 -> 300 | AE348: =AE347 -> 223.66667 | AF348: =AF347+2 -> 713.60001 | AI348: =AE348-Z348 -> -1.3333333
A349: 346 | B349: =A349*0.03 -> 10.38 | C349: =C348 -> 50 | D349: =D348 -> 300 | E349: =E348 -> 183.33333 | F349: =F348+1 -> 386.60001 | G349: =J349-E349 -> 9.6666667 | H349: =M349-E349 -> 13.666667 | J349: 193 | K349: 467.6 | L349: a | M349: 197 | N349: 481.6 | O349: b | Z349: 226 | AA349: 417.60001 | AB349: c | AC349: =AC348 -> 350 | AD349: =AD348 -> 300 | AE349: =AE348 -> 223.66667 | AF349: =AF348+2 -> 715.60001 | AI349: =AE349-Z349 -> -2.3333333
A350: 347 | B350: =A350*0.03 -> 10.41 | C350: =C349 -> 50 | D350: =D349 -> 300 | E350: =E349 -> 183.33333 | F350: =F349+1 -> 387.60001 | G350: =J350-E350 -> 9.6666667 | H350: =M350-E350 -> 13.666667 | J350: 193 | K350: 468.6 | L350: a | M350: 197 | N350: 481.6 | O350: b | Z350: 226 | AA350: 419.60001 | AB350: c | AC350: =AC349 -> 350 | AD350: =AD349 -> 300 | AE350: =AE349 -> 223.66667 | AF350: =AF349+2 -> 717.60001 | AI350: =AE350-Z350 -> -2.3333333
A351: 348 | B351: =A351*0.03 -> 10.44 | C351: =C350 -> 50 | D351: =D350 -> 300 | E351: =E350 -> 183.33333 | F351: =F350+1 -> 388.60001 | G351: =J351-E351 -> 9.6666667 | H351: =M351-E351 -> 13.666667 | J351: 193 | K351: 469.6 | L351: a | M351: 197 | N351: 482.6 | O351: b | Z351: 227 | AA351: 421.60001 | AB351: c | AC351: =AC350 -> 350 | AD351: =AD350 -> 300 | AE351: =AE350 -> 223.66667 | AF351: =AF350+2 -> 719.60001 | AI351: =AE351-Z351 -> -3.3333333
A352: 349 | B352: =A352*0.03 -> 10.47 | C352: =C351 -> 50 | D352: =D351 -> 300 | E352: =E351 -> 183.33333 | F352: =F351+1 -> 389.60001 | G352: =J352-E352 -> 9.6666667 | H352: =M352-E352 -> 13.666667 | J352: 193 | K352: 470.6 | L352: a | M352: 197 | N352: 483.6 | O352: b | Z352: 228 | AA352: 422.60001 | AB352: c | AC352: =AC351 -> 350 | AD352: =AD351 -> 300 | AE352: =AE351 -> 223.66667 | AF352: =AF351+2 -> 721.60001 | AI352: =AE352-Z352 -> -4.3333333
A353: 350 | B353: =A353*0.03 -> 10.5 | C353: =C352 -> 50 | D353: =D352 -> 300 | E353: =E352 -> 183.33333 | F353: =F352+1 -> 390.60001 | G353: =J353-E353 -> 9.6666667 | H353: =M353-E353 -> 13.666667 | J353: 193 | K353: 471.6 | L353: a | M353: 197 | N353: 484.6 | O353: b | Z353: 228 | AA353: 423.60001 | AB353: c | AC353: =AC352 -> 350 | AD353: =AD352 -> 300 | AE353: =AE352 -> 223.66667 | AF353: =AF352+2 -> 723.60001 | AI353: =AE353-Z353 -> -4.3333333
A354: 351 | B354: =A354*0.03 -> 10.53 | C354: =C353 -> 50 | D354: =D353 -> 300 | E354: =E353 -> 183.33333 | F354: =F353+1 -> 391.60001 | G354: =J354-E354 -> 9.6666667 | J354: 193 | K354: 472.6 | L354: a | Z354: 228 | AA354: 424.60001 | AB354: c | AC354: =AC353 -> 350 | AD354: =AD353 -> 300 | AE354: =AE353 -> 223.66667 | AF354: =AF353+2 -> 725.60001 | AI354: =AE354-Z354 -> -4.3333333
A355: 352 | B355: =A355*0.03 -> 10.56 | C355: =C354 -> 50 | D355: =D354 -> 300 | E355: =E354 -> 183.33333 | F355: =F354+1 -> 392.60001 | G355: =J355-E355 -> 9.6666667 | J355: 193 | K355: 473.6 | L355: a | Z355: 229 | AA355: 425.60001 | AB355: c | AC355: =AC354 -> 350 | AD355: =AD354 -> 300 | AE355: =AE354 -> 223.66667 | AF355: =AF354+2 -> 727.60001 | AI355: =AE355-Z355 -> -5.3333333
A356: 353 | B356: =A356*0.03 -> 10.59 | C356: =C355 -> 50 | D356: =D355 -> 300 | E356: =E355 -> 183.33333 | F356: =F355+1 -> 393.60001 | G356: =J356-E356 -> 9.6666667 | J356: 193 | K356: 473.6 | L356: a | Z356: 229 | AA356: 427.60001 | AB356: c | AC356: =AC355 -> 350 | AD356: =AD355 -> 300 | AE356: =AE355 -> 223.66667 | AF356: =AF355+2 -> 729.60001 | AI356: =AE356-Z356 -> -5.3333333
A357: 354 | B357: =A357*0.03 -> 10.62 | C357: =C356 -> 50 | D357: =D356 -> 300 | E357: =E356 -> 183.33333 | F357: =F356+1 -> 394.60001 | G357: =J357-E357 -> 9.6666667 | J357: 193 | K357: 474.6 | L357: a | Z357: 229 | AA357: 428.60001 | AB357: c | AC357: =AC356 -> 350 | AD357: =AD356 -> 300 | AE357: =AE356 -> 223.66667 | AF357: =AF356+2 -> 731.60001 | AI357: =AE357-Z357 -> -5.3333333
A358: 355 | B358: =A358*0.03 -> 10.65 | C358: =C357 -> 50 | D358: =D357 -> 300 | E358: =E357 -> 183.33333 | F358: =F357+1 -> 395.60001 | G358: =J358-E358 -> 9.6666667 | J358: 193 | K358: 475.6 | L358: a | Z358: 229 | AA358: 429.60001 | AB358: c | AC358: =AC357 -> 350 | AD358: =AD357 -> 300 | AE358: =AE357 -> 223.66667 | AF358: =AF357+2 -> 733.60001 | AI358: =AE358-Z358 -> -5.3333333
A359: 356 | B359: =A359*0.03 -> 10.68 | C359: =C358 -> 50 | D359: =D358 -> 300 | E359: =E358 -> 183.33333 | F359: =F358+1 -> 396.60001 | G359: =J359-E359 -> 9.6666667 | J359: 193 | K359: 477.6 | L359: a | Z359: 229 | AA359: 430.60001 | AB359: c | AC359: =AC358 -> 350 | AD359: =AD358 -> 300 | AE359: =AE358 -> 223.66667 | AF359: =AF358+2 -> 735.60001 | AI359: =AE359-Z359 -> -5.3333333
A360: 357 | B360: =A360*0.03 -> 10.71 | C360: =C359 -> 50 | D360: =D359 -> 300 | E360: =E359 -> 183.33333 | F360: =F359+1 -> 397.60001 | G360: =J360-E360 -> 9.6666667 | J360: 193 | K360: 477.6 | L360: a | Z360: 229 | AA360: 431.60001 | AB360: c | AC360: =AC359 -> 350 | AD360: =AD359 -> 300 | AE360: =AE359 -> 223.66667 | AF360: =AF359+2 -> 737.60001 | AI360: =AE360-Z360 -> -5.3333333
A361: 358 | B361: =A361*0.03 -> 10.74 | C361: =C360 -> 50 | D361: =D360 -> 300 | E361: =E360 -> 183.33333 | F361: =F360+1 -> 398.60001 | G361: =J361-E361 -> 9.6666667 | J361: 193 | K361: 478.6 | L361: a | Z361: 230 | AA361: 432.60001 | AB361: c | AC361: =AC360 -> 350 | AD361: =AD360 -> 300 | AE361: =AE360 -> 223.66667 | AF361: =AF360+2 -> 739.60001 | AI361: =AE361-Z361 -> -6.3333333
A362: 359 | B362: =A362*0.03 -> 10.77 | C362: =C361 -> 50 | D362: =D361 -> 300 | E362: =E361 -> 183.33333 | F362: =F361+1 -> 399.60001 | G362: =J362-E362 -> 9.6666667 | J362: 193 | K362: 479.6 | L362: a | Z362: 230 | AA362: 433.60001 | AB362: c | AC362: =AC361 -> 350 | AD362: =AD361 -> 300 | AE362: =AE361 -> 223.66667 | AF362: =AF361+2 -> 741.60001 | AI362: =AE362-Z362 -> -6.3333333
A363: 360 | B363: =A363*0.03 -> 10.8 | C363: =C362 -> 50 | D363: =D362 -> 300 | E363: =E362 -> 183.33333 | F363: =F362+1 -> 400.60001 | G363: =J363-E363 -> 9.6666667 | J363: 193 | K363: 481.6 | L363: a | Z363: 230 | AA363: 434.60001 | AB363: c | AC363: =AC362 -> 350 | AD363: =AD362 -> 300 | AE363: =AE362 -> 223.66667 | AF363: =AF362+2 -> 743.60001 | AI363: =AE363-Z363 -> -6.3333333
A364: 361 | B364: =A364*0.03 -> 10.83 | C364: =C363 -> 50 | D364: =D363 -> 300 | E364: =E363 -> 183.33333 | F364: =F363+1 -> 401.60001 | G364: =J364-E364 -> 9.6666667 | J364: 193 | K364: 481.6 | L364: a | Z364: 230 | AA364: 435.60001 | AB364: c | AC364: =AC363 -> 350 | AD364: =AD363 -> 300 | AE364: =AE363 -> 223.66667 | AF364: =AF363+2 -> 745.60001 | AI364: =AE364-Z364 -> -6.3333333
A365: 362 | B365: =A365*0.03 -> 10.86 | C365: =C364 -> 50 | D365: =D364 -> 300 | E365: =E364 -> 183.33333 | F365: =F364+1 -> 402.60001 | G365: =J365-E365 -> 9.6666667 | J365: 193 | K365: 482.6 | L365: a | Z365: 231 | AA365: 436.6 | AB365: c | AC365: =AC364 -> 350 | AD365: =AD364 -> 300 | AE365: =AE364 -> 223.66667 | AF365: =AF364+2 -> 747.60001 | AI365: =AE365-Z365 -> -7.3333333
... A368: 365 | B368: =A368*0.03 -> 10.95 | C368: =C367 -> 50 | D368: =D367 -> 300 | E368: =E367 -> 183.33333 | F368: =F367+1 -> 405.60001 | G368: =J368-E368 -> 9.6666667 | J368: 193 | K368: 485.6 | L368: a | Z368: 232 | AA368: 439.6 | AB368: c | AC368: =AC367 -> 350 | AD368: =AD367 -> 300 | AE368: =AE367 -> 223.66667 | AF368: =AF367+2 -> 753.60001 | AI368: =AE368-Z368 -> -8.3333333
A369: 366 | B369: =A369*0.03 -> 10.98 | C369: =C368 -> 50 | D369: =D368 -> 300 | E369: =E368 -> 183.33333 | F369: =F368+1 -> 406.60001 | Z369: 232 | AA369: 440.6 | AB369: c | AC369: =AC368 -> 350 | AD369: =AD368 -> 300 | AE369: =AE368 -> 223.66667 | AF369: =AF368+2 -> 755.60001 | AI369: =AE369-Z369 -> -8.3333333
A370: 367 | B370: =A370*0.03 -> 11.01 | C370: =C369 -> 50 | D370: =D369 -> 300 | E370: =E369 -> 183.33333 | F370: =F369+1 -> 407.60001 | Z370: 232 | AA370: 441.6 | AB370: c | AC370: =AC369 -> 350 | AD370: =AD369 -> 300 | AE370: =AE369 -> 223.66667 | AF370: =AF369+2 -> 757.60001 | AI370: =AE370-Z370 -> -8.3333333
A371: 368 | B371: =A371*0.03 -> 11.04 | C371: =C370 -> 50 | D371: =D370 -> 300 | E371: =E370 -> 183.33333 | F371: =F370+1 -> 408.60001 | Z371: 232 | AA371: 441.6 | AB371: c | AC371: =AC370 -> 350 | AD371: =AD370 -> 300 | AE371: =AE370 -> 223.66667 | AF371: =AF370+2 -> 759.60001 | AI371: =AE371-Z371 -> -8.3333333
A372: 369 | B372: =A372*0.03 -> 11.07 | C372: =C371 -> 50 | D372: =D371 -> 300 | E372: =E371 -> 183.33333 | F372: =F371+1 -> 409.60001 | Z372: 233 | AA372: 443.6 | AB372: c | AC372: =AC371 -> 350 | AD372: =AD371 -> 300 | AE372: =AE371 -> 223.66667 | AF372: =AF371+2 -> 761.60001 | AI372: =AE372-Z372 -> -9.3333333
A373: 370 | B373: =A373*0.03 -> 11.1 | C373: =C372 -> 50 | D373: =D372 -> 300 | E373: =E372 -> 183.33333 | F373: =F372+1 -> 410.60001 | Z373: 233 | AA373: 444.6 | AB373: c | AC373: =AC372 -> 350 | AD373: =AD372 -> 300 | AE373: =AE372 -> 223.66667 | AF373: =AF372+2 -> 763.60001 | AI373: =AE373-Z373 -> -9.3333333
A374: 371 | B374: =A374*0.03 -> 11.13 | C374: =C373 -> 50 | D374: =D373 -> 300 | E374: =E373 -> 183.33333 | F374: =F373+1 -> 411.60001 | Z374: 233 | AA374: 445.6 | AB374: c | AC374: =AC373 -> 350 | AD374: =AD373 -> 300 | AE374: =AE373 -> 223.66667 | AF374: =AF373+2 -> 765.60001 | AI374: =AE374-Z374 -> -9.3333333
A375: 372 | B375: =A375*0.03 -> 11.16 | C375: =C374 -> 50 | D375: =D374 -> 300 | E375: =E374 -> 183.33333 | F375: =F374+1 -> 412.60001 | Z375: 233 | AA375: 445.6 | AB375: c | AC375: =AC374 -> 350 | AD375: =AD374 -> 300 | AE375: =AE374 -> 223.66667 | AF375: =AF374+2 -> 767.60001 | AI375: =AE375-Z375 -> -9.3333333
A376: 373 | B376: =A376*0.03 -> 11.19 | C376: =C375 -> 50 | D376: =D375 -> 300 | E376: =E375 -> 183.33333 | F376: =F375+1 -> 413.60001 | Z376: 233 | AA376: 446.6 | AB376: c | AC376: =AC375 -> 350 | AD376: =AD375 -> 300 | AE376: =AE375 -> 223.66667 | AF376: =AF375+2 -> 769.60001 | AI376: =AE376-Z376 -> -9.3333333
A377: 374 | B377: =A377*0.03 -> 11.22 | C377: =C376 -> 50 | D377: =D376 -> 300 | E377: =E376 -> 183.33333 | F377: =F376+1 -> 414.60001 | Z377: 233 | AA377: 447.6 | AB377: c | AC377: =AC376 -> 350 | AD377: =AD376 -> 300 | AE377: =AE376 -> 223.66667 | AF377: =AF376+2 -> 771.60001 | AI377: =AE377-Z377 -> -9.3333333
A378: 375 | B378: =A378*0.03 -> 11.25 | C378: =C377 -> 50 | D378: =D377 -> 300 | E378: =E377 -> 183.33333 | F378: =F377+1 -> 415.60001 | Z378: 233 | AA378: 448.6 | AB378: c | AC378: =AC377 -> 350 | AD378: =AD377 -> 300 | AE378: =AE377 -> 223.66667 | AF378: =AF377+2 -> 773.60001 | AI378: =AE378-Z378 -> -9.3333333
A379: 376 | B379: =A379*0.03 -> 11.28 | C379: =C378 -> 50 | D379: =D378 -> 300 | E379: =E378 -> 183.33333 | F379: =F378+1 -> 416.60001 | Z379: 234 | AA379: 449.6 | AB379: c | AC379: =AC378 -> 350 | AD379: =AD378 -> 300 | AE379: =AE378 -> 223.66667 | AF379: =AF378+2 -> 775.60001 | AI379: =AE379-Z379 -> -10.333333
A380: 377 | B380: =A380*0.03 -> 11.31 | C380: =C379 -> 50 | D380: =D379 -> 300 | E380: =E379 -> 183.33333 | F380: =F379+1 -> 417.60001 | Z380: 234 | AA380: 450.6 | AB380: c | AC380: =AC379 -> 350 | AD380: =AD379 -> 300 | AE380: =AE379 -> 223.66667 | AF380: =AF379+2 -> 777.60001 | AI380: =AE380-Z380 -> -10.333333
... A406: 403 | B406: =A406*0.03 -> 12.09 | C406: =C405 -> 50 | D406: =D405 -> 300 | E406: =E405 -> 183.33333 | F406: =F405+1 -> 443.60001 | Z406: 238 | AA406: 479.6 | AB406: c | AC406: =AC405 -> 350 | AD406: =AD405 -> 300 | AE406: =AE405 -> 223.66667 | AF406: =AF405+2 -> 829.60001 | AI406: =AE406-Z406 -> -14.333333
A407: 404 | B407: =A407*0.03 -> 12.12 | C407: =C406 -> 50 | D407: =D406 -> 300 | E407: =E406 -> 183.33333 | F407: =F406+1 -> 444.60001
A408: 405 | B408: =A408*0.03 -> 12.15 | C408: =C407 -> 50 | D408: =D407 -> 300 | E408: =E407 -> 183.33333 | F408: =F407+1 -> 445.60001
A409: 406 | B409: =A409*0.03 -> 12.18 | C409: =C408 -> 50 | D409: =D408 -> 300 | E409: =E408 -> 183.33333 | F409: =F408+1 -> 446.60001
A410: 407 | B410: =A410*0.03 -> 12.21 | C410: =C409 -> 50 | D410: =D409 -> 300 | E410: =E409 -> 183.33333 | F410: =F409+1 -> 447.60001
A411: 408 | B411: =A411*0.03 -> 12.24 | C411: =C410 -> 50 | D411: =D410 -> 300 | E411: =E410 -> 183.33333 | F411: =F410+1 -> 448.60001
A412: 409 | B412: =A412*0.03 -> 12.27 | C412: =C411 -> 50 | D412: =D411 -> 300 | E412: =E411 -> 183.33333 | F412: =F411+1 -> 449.60001
A413: 410 | B413: =A413*0.03 -> 12.3 | C413: =C412 -> 50 | D413: =D412 -> 300 | E413: =E412 -> 183.33333 | F413: =F412+1 -> 450.60001
A414: 411 | B414: =A414*0.03 -> 12.33 | C414: =C413 -> 50 | D414: =D413 -> 300 | E414: =E413 -> 183.33333 | F414: =F413+1 -> 451.60001
A415: 412 | B415: =A415*0.03 -> 12.36 | C415: =C414 -> 50 | D415: =D414 -> 300 | E415: =E414 -> 183.33333 | F415: =F414+1 -> 452.60001
A416: 413 | B416: =A416*0.03 -> 12.39 | C416: =C415 -> 50 | D416: =D415 -> 300 | E416: =E415 -> 183.33333 | F416: =F415+1 -> 453.60001
A417: 414 | B417: =A417*0.03 -> 12.42 | C417: =C416 -> 50 | D417: =D416 -> 300 | E417: =E416 -> 183.33333 | F417: =F416+1 -> 454.60001
A418: 415 | B418: =A418*0.03 -> 12.45 | C418: =C417 -> 50 | D418: =D417 -> 300 | E418: =E417 -> 183.33333 | F418: =F417+1 -> 455.60001
... A485: 482 | B485: =A485*0.03 -> 14.46 | C485: =C484 -> 50 | D485: =D484 -> 300 | E485: =E484 -> 183.33333 | F485: =F484+1 -> 522.60001

Sheet 80
G1: Max1 | H1: Max2 | I1: Max 3 | J1: Kiri | AG1: Max1 | AH1: Max2 | AI1: Max 3
G2: =MAX(G4:G485) -> 5.3333333 | H2: =MAX(H4:H485) -> 8.3333333 | I2: =MAX(I4:I485) -> 8.3333333 | AG2: =MAX(AG4:AG485) -> 14 | AH2: =MAX(AH4:AH485) -> 15 | AI2: =MAX(AI4:AI485) -> 15
B3: t | C3: gangg x | D3: gangg y | E3: Ux | F3: Uy | G3: Simpangan 1 | H3: Simpangan 2 | I3: Simpangan 3 | J3: x | K3: y | L3: z | T3: x | U3: y | V3: z | AC3: gangg x | AD3: gangg y | AE3: Ux | AF3: Uy | AG3: Simpangan 1 | AH3: Simpangan 2 | AI3: Simpangan 3
A4: 1 | B4: =A4*0.03 -> 0.03 | C4: =50 -> 50 | D4: 300 | E4: =AVERAGE(J4,M4,P4) -> 193.66667 | F4: =MIN(K4,N4,Q4) -> 41.600006 | G4: =J4-E4 -> -0.66666667 | H4: =M4-E4 -> -0.66666667 | I4: =P4-E4 -> 1.3333333 | J4: 193 | K4: 41.600006 | L4: a | M4: 193 | N4: 41.600006 | O4: b | P4: 195 | Q4: 41.600006 | R4: c | T4: 212 | U4: 29.600006 | V4: a | W4: 217 | X4: 25.600006 | Y4: b | Z4: 216 | AA4: 29.600006 | AB4: c | AC4: =350 -> 350 | AD4: 300 | AE4: =AVERAGE(T4,W4,Z4) -> 215 | AF4: =MIN(U4,X4,AA4) -> 25.600006 | AG4: =AE4-T4 -> 3 | AH4: =AE4-W4 -> -2 | AI4: =AE4-Z4 -> -1
A5: 2 | B5: =A5*0.03 -> 0.06 | C5: =C4 -> 50 | D5: =D4 -> 300 | E5: =E4 -> 193.66667 | F5: =F4+1 -> 42.600006 | G5: =J5-E5 -> -0.66666667 | H5: =M5-E5 -> -0.66666667 | I5: =P5-E5 -> 1.3333333 | J5: 193 | K5: 41.600006 | L5: a | M5: 193 | N5: 42.600006 | O5: b | P5: 195 | Q5: 41.600006 | R5: c | T5: 212 | U5: 30.600006 | V5: a | W5: 217 | X5: 26.600006 | Y5: b | Z5: 215 | AA5: 30.600006 | AB5: c | AC5: =AC4 -> 350 | AD5: =AD4 -> 300 | AE5: =AE4 -> 215 | AF5: =AF4+2 -> 27.600006 | AG5: =AE5-T5 -> 3 | AH5: =AE5-W5 -> -2 | AI5: =AE5-Z5 -> 0
A6: 3 | B6: =A6*0.03 -> 0.09 | C6: =C5 -> 50 | D6: =D5 -> 300 | E6: =E5 -> 193.66667 | F6: =F5+1 -> 43.600006 | G6: =J6-E6 -> -0.66666667 | H6: =M6-E6 -> -0.66666667 | I6: =P6-E6 -> 1.3333333 | J6: 193 | K6: 42.600006 | L6: a | M6: 193 | N6: 44.600006 | O6: b | P6: 195 | Q6: 43.600006 | R6: c | T6: 212 | U6: 31.600006 | V6: a | W6: 216 | X6: 27.600006 | Y6: b | Z6: 215 | AA6: 31.600006 | AB6: c | AC6: =AC5 -> 350 | AD6: =AD5 -> 300 | AE6: =AE5 -> 215 | AF6: =AF5+2 -> 29.600006 | AG6: =AE6-T6 -> 3 | AH6: =AE6-W6 -> -1 | AI6: =AE6-Z6 -> 0
A7: 4 | B7: =A7*0.03 -> 0.12 | C7: =C6 -> 50 | D7: =D6 -> 300 | E7: =E6 -> 193.66667 | F7: =F6+1 -> 44.600006 | G7: =J7-E7 -> -0.66666667 | H7: =M7-E7 -> -0.66666667 | I7: =P7-E7 -> 1.3333333 | J7: 193 | K7: 43.600006 | L7: a | M7: 193 | N7: 45.600006 | O7: b | P7: 195 | Q7: 45.600006 | R7: c | T7: 212 | U7: 32.600006 | V7: a | W7: 215 | X7: 29.600006 | Y7: b | Z7: 214 | AA7: 31.600006 | AB7: c | AC7: =AC6 -> 350 | AD7: =AD6 -> 300 | AE7: =AE6 -> 215 | AF7: =AF6+2 -> 31.600006 | AG7: =AE7-T7 -> 3 | AH7: =AE7-W7 -> 0 | AI7: =AE7-Z7 -> 1
A8: 5 | B8: =A8*0.03 -> 0.15 | C8: =C7 -> 50 | D8: =D7 -> 300 | E8: =E7 -> 193.66667 | F8: =F7+1 -> 45.600006 | G8: =J8-E8 -> -0.66666667 | H8: =M8-E8 -> 0.33333333 | I8: =P8-E8 -> 1.3333333 | J8: 193 | K8: 44.600006 | L8: a | M8: 194 | N8: 46.600006 | O8: b | P8: 195 | Q8: 46.600006 | R8: c | T8: 212 | U8: 33.600006 | V8: a | W8: 214 | X8: 31.600006 | Y8: b | Z8: 213 | AA8: 32.600006 | AB8: c | AC8: =AC7 -> 350 | AD8: =AD7 -> 300 | AE8: =AE7 -> 215 | AF8: =AF7+2 -> 33.600006 | AG8: =AE8-T8 -> 3 | AH8: =AE8-W8 -> 1 | AI8: =AE8-Z8 -> 2
A9: 6 | B9: =A9*0.03 -> 0.18 | C9: =C8 -> 50 | D9: =D8 -> 300 | E9: =E8 -> 193.66667 | F9: =F8+1 -> 46.600006 | G9: =J9-E9 -> -0.66666667 | H9: =M9-E9 -> 0.33333333 | I9: =P9-E9 -> 1.3333333 | J9: 193 | K9: 45.600006 | L9: a | M9: 194 | N9: 47.600006 | O9: b | P9: 195 | Q9: 48.600006 | R9: c | T9: 212 | U9: 34.600006 | V9: a | W9: 214 | X9: 32.600006 | Y9: b | Z9: 213 | AA9: 33.600006 | AB9: c | AC9: =AC8 -> 350 | AD9: =AD8 -> 300 | AE9: =AE8 -> 215 | AF9: =AF8+2 -> 35.600006 | AG9: =AE9-T9 -> 3 | AH9: =AE9-W9 -> 1 | AI9: =AE9-Z9 -> 2
A10: 7 | B10: =A10*0.03 -> 0.21 | C10: =C9 -> 50 | D10: =D9 -> 300 | E10: =E9 -> 193.66667 | F10: =F9+1 -> 47.600006 | G10: =J10-E10 -> -0.66666667 | H10: =M10-E10 -> 0.33333333 | I10: =P10-E10 -> 0.33333333 | J10: 193 | K10: 45.600006 | L10: a | M10: 194 | N10: 48.600006 | O10: b | P10: 194 | Q10: 49.600006 | R10: c | T10: 212 | U10: 35.600006 | V10: a | W10: 214 | X10: 33.600006 | Y10: b | Z10: 213 | AA10: 34.600006 | AB10: c | AC10: =AC9 -> 350 | AD10: =AD9 -> 300 | AE10: =AE9 -> 215 | AF10: =AF9+2 -> 37.600006 | AG10: =AE10-T10 -> 3 | AH10: =AE10-W10 -> 1 | AI10: =AE10-Z10 -> 2
A11: 8 | B11: =A11*0.03 -> 0.24 | C11: =C10 -> 50 | D11: =D10 -> 300 | E11: =E10 -> 193.66667 | F11: =F10+1 -> 48.600006 | G11: =J11-E11 -> -0.66666667 | H11: =M11-E11 -> 0.33333333 | I11: =P11-E11 -> 0.33333333 | J11: 193 | K11: 46.600006 | L11: a | M11: 194 | N11: 49.600006 | O11: b | P11: 194 | Q11: 50.600006 | R11: c | T11: 212 | U11: 36.600006 | V11: a | W11: 213 | X11: 35.600006 | Y11: b | Z11: 213 | AA11: 35.600006 | AB11: c | AC11: =AC10 -> 350 | AD11: =AD10 -> 300 | AE11: =AE10 -> 215 | AF11: =AF10+2 -> 39.600006 | AG11: =AE11-T11 -> 3 | AH11: =AE11-W11 -> 2 | AI11: =AE11-Z11 -> 2
A12: 9 | B12: =A12*0.03 -> 0.27 | C12: =C11 -> 50 | D12: =D11 -> 300 | E12: =E11 -> 193.66667 | F12: =F11+1 -> 49.600006 | G12: =J12-E12 -> -0.66666667 | H12: =M12-E12 -> 0.33333333 | I12: =P12-E12 -> 0.33333333 | J12: 193 | K12: 47.600006 | L12: a | M12: 194 | N12: 49.600006 | O12: b | P12: 194 | Q12: 51.600006 | R12: c | T12: 212 | U12: 37.600006 | V12: a | W12: 213 | X12: 37.600006 | Y12: b | Z12: 212 | AA12: 35.600006 | AB12: c | AC12: =AC11 -> 350 | AD12: =AD11 -> 300 | AE12: =AE11 -> 215 | AF12: =AF11+2 -> 41.600006 | AG12: =AE12-T12 -> 3 | AH12: =AE12-W12 -> 2 | AI12: =AE12-Z12 -> 3
A13: 10 | B13: =A13*0.03 -> 0.3 | C13: =C12 -> 50 | D13: =D12 -> 300 | E13: =E12 -> 193.66667 | F13: =F12+1 -> 50.600006 | G13: =J13-E13 -> -0.66666667 | H13: =M13-E13 -> 0.33333333 | I13: =P13-E13 -> 0.33333333 | J13: 193 | K13: 48.600006 | L13: a | M13: 194 | N13: 50.600006 | O13: b | P13: 194 | Q13: 52.600006 | R13: c | T13: 212 | U13: 37.600006 | V13: a | W13: 213 | X13: 37.600006 | Y13: b | Z13: 212 | AA13: 36.600006 | AB13: c | AC13: =AC12 -> 350 | AD13: =AD12 -> 300 | AE13: =AE12 -> 215 | AF13: =AF12+2 -> 43.600006 | AG13: =AE13-T13 -> 3 | AH13: =AE13-W13 -> 2 | AI13: =AE13-Z13 -> 3
A14: 11 | B14: =A14*0.03 -> 0.33 | C14: =C13 -> 50 | D14: =D13 -> 300 | E14: =E13 -> 193.66667 | F14: =F13+1 -> 51.600006 | G14: =J14-E14 -> -0.66666667 | H14: =M14-E14 -> 0.33333333 | I14: =P14-E14 -> 0.33333333 | J14: 193 | K14: 49.600006 | L14: a | M14: 194 | N14: 51.600006 | O14: b | P14: 194 | Q14: 53.600006 | R14: c | T14: 212 | U14: 39.600006 | V14: a | W14: 213 | X14: 39.600006 | Y14: b | Z14: 212 | AA14: 37.600006 | AB14: c | AC14: =AC13 -> 350 | AD14: =AD13 -> 300 | AE14: =AE13 -> 215 | AF14: =AF13+2 -> 45.600006 | AG14: =AE14-T14 -> 3 | AH14: =AE14-W14 -> 2 | AI14: =AE14-Z14 -> 3
A15: 12 | B15: =A15*0.03 -> 0.36 | C15: =C14 -> 50 | D15: =D14 -> 300 | E15: =E14 -> 193.66667 | F15: =F14+1 -> 52.600006 | G15: =J15-E15 -> -0.66666667 | H15: =M15-E15 -> 0.33333333 | I15: =P15-E15 -> 0.33333333 | J15: 193 | K15: 49.600006 | L15: a | M15: 194 | N15: 52.600006 | O15: b | P15: 194 | Q15: 53.600006 | R15: c | T15: 212 | U15: 40.600006 | V15: a | W15: 213 | X15: 41.600006 | Y15: b | Z15: 211 | AA15: 37.600006 | AB15: c | AC15: =AC14 -> 350 | AD15: =AD14 -> 300 | AE15: =AE14 -> 215 | AF15: =AF14+2 -> 47.600006 | AG15: =AE15-T15 -> 3 | AH15: =AE15-W15 -> 2 | AI15: =AE15-Z15 -> 4
